
insert  into `vehicles`(`id`,`user_id`,`dealer_id`,`type_id`,`make_id`,`vehicle_model_id`,`country_of_origin`,`yard_id`,`vehicle_no`,`shipping_to`,`year`,`price`,`location`,`color`,`mileage`,`enginecc`,`interior`,`fuel_type`,`transmission`,`gear`,`speed`,`terrain`,`engine`,`horsepower`,`usage`,`description`,`tags`,`views`,`likes`,`priority`,`status`,`sponsored`,`created_at`,`updated_at`,`sold_at`,`deleted_at`,`updated_by`) values
(68,29,NULL,1,3,48,NULL,NULL,'GGGRQZPV',NULL,'2015','2850000',NULL,'Other','66000','0','Brown','Petrol','Automatic',NULL,NULL,NULL,NULL,NULL,'','THE VEHICLE IS NEW',NULL,'40','0','9','pending',0,'2023-02-07 17:14:47','2023-02-07 17:14:47',NULL,NULL,NULL),
(73,29,NULL,1,1,157,NULL,NULL,'ETHXXZZI',NULL,'2015','4400000',NULL,'Other','90000','0','Brown','Diesel','Automatic',NULL,NULL,NULL,NULL,NULL,'','TOYOTA FORTUNER',NULL,'28','0','9','pending',0,'2023-02-08 07:40:07','2023-02-08 07:40:07',NULL,NULL,NULL),
(75,29,NULL,1,1,829,NULL,NULL,'2GEJTW0A',NULL,'2015','3600000',NULL,'Other','57000','0','Brown','Petrol','Automatic',NULL,NULL,NULL,NULL,NULL,'','Car financing options available',NULL,'25','0','9','pending',0,'2023-02-08 08:41:33','2023-02-08 08:41:33',NULL,NULL,NULL),
(78,29,NULL,1,12,214,NULL,NULL,'2UZYOXZV',NULL,'2015','2800000',NULL,'White','77000','0','Brown','Petrol','Automatic',NULL,NULL,NULL,NULL,NULL,'','CAR FINANCING AVAILABLE',NULL,'29','0','9','pending',0,'2023-02-08 09:10:36','2023-02-08 09:10:36',NULL,NULL,NULL),
(79,29,NULL,9,1,21,NULL,NULL,'FRIQHQHG',NULL,'2015','1230000',NULL,'Silver','213000','0','-1','Petrol','Automatic',NULL,NULL,NULL,NULL,NULL,'','Toyota vitz car financing available',NULL,'28','0','9','pending',0,'2023-02-28 14:19:36','2023-02-28 14:19:36',NULL,NULL,NULL),
(83,32,NULL,NULL,3,57,NULL,NULL,'KXCT6XK2',NULL,'2015','2300000',NULL,'Black','65000','0','Brown','Petrol','-1',NULL,NULL,NULL,NULL,NULL,'','MAZDA',NULL,'37','0','9','pending',0,'2023-03-03 11:00:37','2023-03-03 11:00:37',NULL,NULL,NULL),
(88,38,NULL,1,2,24,NULL,NULL,'RQWF3UGS',NULL,'2003','600000',NULL,'Black','200000','0','Brown','Petrol','Automatic',NULL,NULL,NULL,NULL,NULL,'','Nissan Xtrail',NULL,'35','0','9','pending',0,'2023-03-06 09:24:49','2023-03-06 09:24:49',NULL,NULL,NULL),
(89,39,NULL,1,6,104,NULL,NULL,'ZESH3EIF',NULL,'2007','900000',NULL,'Black','95000','0','Yellow','Petrol','Automatic',NULL,NULL,NULL,NULL,NULL,'','Honda CRV',NULL,'39','0','9','pending',0,'2023-03-06 10:07:11','2023-03-06 10:07:11',NULL,NULL,NULL),
(90,44,NULL,8,1,16,NULL,NULL,'YKMCRQUU',NULL,'2015','1000000',NULL,'White','135455','0','Yellow','Petrol','Automatic',NULL,NULL,NULL,NULL,NULL,'','Toyota Probox',NULL,'31','0','9','pending',0,'2023-03-06 11:54:20','2023-03-06 11:54:20',NULL,NULL,NULL),
(91,44,NULL,7,1,14,NULL,NULL,'OLAGFMDE',NULL,'2005','500000',NULL,'White','300000','0','Brown','Petrol','Automatic',NULL,NULL,NULL,NULL,NULL,'','Toyota Wish used vehicle',NULL,'26','0','9','pending',0,'2023-03-06 12:13:13','2023-03-06 12:13:13',NULL,NULL,NULL),
(92,44,NULL,8,1,10,NULL,NULL,'7IOBPH0U',NULL,'2004','500000',NULL,'White','260000','0','Yellow','Petrol','Automatic',NULL,NULL,NULL,NULL,NULL,'','Used Toyota Allion',NULL,'26','0','9','pending',0,'2023-03-06 12:22:58','2023-03-06 12:22:58',NULL,NULL,NULL),
(93,45,NULL,8,1,831,NULL,NULL,'DK0FMJTW',NULL,'2011','700000',NULL,'White','152213','0','Yellow','Petrol','Automatic',NULL,NULL,NULL,NULL,NULL,'','Used Toyota Probox\r\nGood condition',NULL,'27','0','9','pending',0,'2023-03-06 13:03:23','2023-03-06 13:03:23',NULL,NULL,NULL),
(94,46,NULL,9,2,41,NULL,NULL,'B1ZOMOYN',NULL,'2014','790000',NULL,'Silver','131000','0','Yellow','Petrol','Automatic',NULL,NULL,NULL,NULL,NULL,'','Nissan note used still in mint condition',NULL,'29','0','9','pending',0,'2023-03-06 13:30:53','2023-03-06 13:30:53',NULL,NULL,NULL),
(95,47,NULL,8,1,10,NULL,NULL,'WPL8M85Z',NULL,'2009','700000',NULL,'Other','114570','0','Yellow','Petrol','Automatic',NULL,NULL,NULL,NULL,NULL,'','Toyota Axio used\r\nIn good condition\r\nAccident free',NULL,'34','0','9','pending',0,'2023-03-06 14:12:38','2023-03-06 14:12:38',NULL,NULL,NULL),
(96,50,NULL,8,1,831,NULL,NULL,'1Z6BGDBD',NULL,'2005','720000',NULL,'White','185000','0','Yellow','Petrol','Automatic',NULL,NULL,NULL,NULL,NULL,'','Used Toyota Probox\r\nIn excellent condition\r\nFree from accident',NULL,'30','0','9','pending',0,'2023-03-07 14:12:58','2023-03-07 14:12:58',NULL,NULL,NULL),
(99,51,NULL,1,12,217,NULL,NULL,'P72U1B6O',NULL,'2015','3100000',NULL,'White','83650','0','Yellow','Petrol','Automatic',NULL,NULL,NULL,NULL,NULL,'','Power engine with a capacity of 2000cc\r\nClean and comfortable interior',NULL,'30','0','9','pending',0,'2023-03-08 15:39:16','2023-03-08 15:39:16',NULL,NULL,NULL),
(100,51,NULL,9,2,41,NULL,NULL,'3QQWMN8V',NULL,'2003','1350000',NULL,'Blue','73679','0','Yellow','Petrol','Automatic',NULL,NULL,NULL,NULL,NULL,'','Engine capacity: 1300\r\nComfortable\r\nAffordable',NULL,'22','0','9','pending',0,'2023-03-08 15:43:11','2023-03-08 15:43:11',NULL,NULL,NULL),
(101,51,NULL,NULL,3,42,NULL,NULL,'PYQB7GRJ',NULL,'2015','1800000',NULL,'Other','130000','0','Yellow','Diesel','Automatic',NULL,NULL,NULL,NULL,NULL,'','Powerful engine \r\n2200 cc Engine Capacity \r\nGreat feel and great interior\r\nFuel efficient\r\nAffordable',NULL,'29','0','9','pending',0,'2023-03-09 07:35:53','2023-03-09 07:35:53',NULL,NULL,NULL),
(103,51,NULL,NULL,12,214,NULL,NULL,'00WSZDO9',NULL,'2015','2700000',NULL,'Black','113275','0','Brown','Petrol','Automatic',NULL,NULL,NULL,NULL,NULL,'','2000cc engine capacity\r\nSUV body type',NULL,'21','0','9','pending',0,'2023-03-10 09:28:48','2023-03-10 09:28:48',NULL,NULL,NULL),
(104,51,NULL,NULL,1,830,NULL,NULL,'ROOVLU1G',NULL,'2016','6400000',NULL,'Silver','66510','0','Brown','Diesel','Automatic',NULL,NULL,NULL,NULL,NULL,'','Foreign used\r\n4WD\r\nPowerful engine\r\nFuel efficient',NULL,'22','0','9','pending',0,'2023-03-10 10:05:12','2023-03-10 10:05:12',NULL,NULL,NULL),
(105,51,NULL,NULL,2,24,NULL,NULL,'KMNYPETS',NULL,'2015','2500000',NULL,'Silver','143000','0','Brown','Petrol','Automatic',NULL,NULL,NULL,NULL,NULL,'','Clean body,foreign used, engine performance perfect.',NULL,'20','0','9','pending',0,'2023-03-10 12:14:35','2023-03-10 12:14:35',NULL,NULL,NULL),
(106,51,NULL,NULL,51,484,NULL,NULL,'XAV9LTUZ',NULL,'2015','1700000',NULL,'Dark Blue','84949','0','Yellow','Petrol','Automatic',NULL,NULL,NULL,NULL,NULL,'','1200cc engine capacity\r\nGreat interior\r\nFuel efficient\r\nAffordable',NULL,'14','0','9','pending',0,'2023-03-10 13:28:44','2023-03-10 13:28:44',NULL,NULL,NULL),
(107,51,NULL,NULL,1,829,NULL,NULL,'GV2FQOXO',NULL,'2015','3300000',NULL,'Brown','72000','0','Brown','Petrol','Automatic',NULL,NULL,NULL,NULL,NULL,'','In good condition',NULL,'22','0','9','pending',0,'2023-03-10 13:36:18','2023-03-10 13:36:18',NULL,NULL,NULL),
(109,51,NULL,NULL,2,40,NULL,NULL,'CDEDLVM6',NULL,'2021','1200000',NULL,'White','114750','11400','-1','Petrol','Automatic',NULL,NULL,NULL,NULL,NULL,'-1','Foreign used\r\nGreat condition\r\n2000 cc engine capacity',NULL,'26','0','9','pending',0,'2023-03-10 13:58:07','2023-03-10 13:58:07',NULL,NULL,NULL),
(110,51,NULL,NULL,1,16,NULL,NULL,'0SBEH2IS',NULL,'2015','1150000',NULL,'White','146000','0','Yellow','Petrol','Automatic',NULL,NULL,NULL,NULL,NULL,'','Foreign used\r\n2000cc engine capacity',NULL,'22','0','9','pending',0,'2023-03-10 14:34:29','2023-03-10 14:34:29',NULL,NULL,NULL),
(112,51,NULL,NULL,7,128,NULL,NULL,'L3VXD52G',NULL,'2019','6800000',NULL,'Silver','22174','0','Brown','Diesel','Automatic',NULL,NULL,NULL,NULL,NULL,'','2000cc engine capacity\r\nPower turbo engine\r\nTrade in accepted\r\nBank financing allowed',NULL,'20','0','9','pending',0,'2023-03-10 15:02:59','2023-03-10 15:02:59',NULL,NULL,NULL),
(115,51,NULL,NULL,3,57,NULL,NULL,'TDRMTGAJ',NULL,'2015','1150000',NULL,'White','101000','0','Brown','Petrol','Automatic',NULL,NULL,NULL,NULL,NULL,'','Good as new, foreign used, accident free,101000cc,',NULL,'24','0','9','pending',0,'2023-03-10 15:43:07','2023-03-10 15:43:07',NULL,NULL,NULL),
(116,4,NULL,NULL,1,829,NULL,NULL,'WKVUE739',NULL,'2014','3000000',NULL,'White','120000','0','Brown','Petrol','Automatic',NULL,NULL,NULL,NULL,NULL,'','Foreign used',NULL,'27','0','9','pending',0,'2023-03-11 12:54:14','2023-03-11 12:54:14',NULL,NULL,NULL),
(117,4,NULL,NULL,4,69,NULL,NULL,'5RBENZKM',NULL,'2020','4500000',NULL,'White','50000','0','Brown','Petrol','Automatic',NULL,NULL,NULL,NULL,NULL,'','Foreign used',NULL,'20','0','9','pending',0,'2023-03-11 13:02:14','2023-03-11 13:02:14',NULL,NULL,NULL),
(118,4,NULL,NULL,12,214,NULL,NULL,'8NQCJJJ6',NULL,'2018','3500000',NULL,'White','780000','0','Brown','Petrol','Automatic',NULL,NULL,NULL,NULL,NULL,'','Foreign Used',NULL,'17','0','9','pending',0,'2023-03-11 13:21:46','2023-03-11 13:21:46',NULL,NULL,NULL),
(119,4,NULL,NULL,51,497,NULL,NULL,'BUPZA1LQ',NULL,'2016','3500000',NULL,'White','130000','0','Brown','Diesel','-1',NULL,NULL,NULL,NULL,NULL,'','Foreign Used',NULL,'17','0','9','pending',0,'2023-03-11 13:33:51','2023-03-11 13:33:51',NULL,NULL,NULL),
(120,4,NULL,NULL,7,128,NULL,NULL,'FLDVHU49',NULL,'2020','4800000',NULL,'Black','38000','0','Brown','Diesel','Manual',NULL,NULL,NULL,NULL,NULL,'','Foreign used',NULL,'22','0','9','pending',0,'2023-03-11 13:54:07','2023-03-11 13:54:07',NULL,NULL,NULL),
(125,4,NULL,NULL,7,128,NULL,NULL,'EAEN07Y0',NULL,'2016','3500000',NULL,'Black','65000','0','Brown','Petrol','Automatic',NULL,NULL,NULL,NULL,NULL,'','Foreign used',NULL,'23','0','9','pending',0,'2023-03-13 12:02:56','2023-03-13 12:02:56',NULL,NULL,NULL),
(126,4,NULL,NULL,2,37,NULL,NULL,'JG46WVIT',NULL,'2015','1200000',NULL,'White','114000','0','Yellow','Petrol','Automatic',NULL,NULL,NULL,NULL,NULL,'','Foreign used',NULL,'28','0','9','pending',0,'2023-03-13 12:06:43','2023-03-13 12:06:43',NULL,NULL,NULL),
(127,71,NULL,NULL,1,829,NULL,NULL,'XQOAZON4',NULL,'2009','1250000',NULL,'White','104000','0','Yellow','Petrol','Automatic',NULL,NULL,NULL,NULL,NULL,'','Toyota Rush',NULL,'28','0','9','pending',0,'2023-03-15 13:41:06','2023-03-15 13:41:06',NULL,NULL,NULL),
(128,71,NULL,NULL,1,21,NULL,NULL,'YYZML8M2',NULL,'2015','1250000',NULL,'Blue','50000','0','Yellow','Petrol','Automatic',NULL,NULL,NULL,NULL,NULL,'','Toyota Vitz, 2015, 1300cc',NULL,'21','0','9','pending',0,'2023-03-15 13:45:54','2023-03-15 13:45:54',NULL,NULL,NULL),
(129,71,NULL,NULL,3,50,NULL,NULL,'FNYA2ZXG',NULL,'2016','1250000',NULL,'Other','100000','0','Yellow','Petrol','Automatic',NULL,NULL,NULL,NULL,NULL,'','Mazda demio, 2016, Grey, fully loaded, Petrol, 1300cc. Asking 1,250,0000',NULL,'26','0','9','pending',0,'2023-03-15 13:51:48','2023-03-15 13:51:48',NULL,NULL,NULL),
(130,51,NULL,NULL,3,50,NULL,NULL,'HLFXVFMN',NULL,'2015','1200000',NULL,'Blue','87201','0','Yellow','Petrol','Automatic',NULL,NULL,NULL,NULL,NULL,'','Affordable\r\nComfortable',NULL,'27','0','9','pending',0,'2023-03-20 08:04:33','2023-03-20 08:04:33',NULL,NULL,NULL),
(131,51,NULL,NULL,1,15,NULL,NULL,'F6QM0MYP',NULL,'2016','6800000',NULL,'White','65000','0','Yellow','Diesel','-1',NULL,NULL,NULL,NULL,NULL,'','2800cc\r\nForeign used',NULL,'26','0','9','pending',0,'2023-03-20 12:10:54','2023-03-20 12:10:54',NULL,NULL,NULL),
(132,51,NULL,NULL,7,128,NULL,NULL,'C4VEHYPB',NULL,'2020','6900000',NULL,'Brown','13800','0','Brown','Diesel','Automatic',NULL,NULL,NULL,NULL,NULL,'','Foreign used\r\n2000cc',NULL,'25','0','9','pending',0,'2023-03-20 13:29:34','2023-03-20 13:29:34',NULL,NULL,NULL),
(133,4,NULL,NULL,9,173,NULL,NULL,'JI8RNAWD',NULL,'2007','300000',NULL,'White','120000','0','Brown','Petrol','Automatic',NULL,NULL,NULL,NULL,NULL,'','Foreign used',NULL,'22','0','9','pending',0,'2023-03-22 12:09:37','2023-03-22 12:09:37',NULL,NULL,NULL),
(134,4,NULL,NULL,12,214,NULL,NULL,'ZPZWTUNM',NULL,'2014','2000000',NULL,'Black','100000','0','Brown','Petrol','Automatic',NULL,NULL,NULL,NULL,NULL,'','Foreign used',NULL,'22','0','9','pending',0,'2023-03-22 14:39:51','2023-03-22 14:39:51',NULL,NULL,NULL),
(135,79,NULL,NULL,8,157,NULL,NULL,'UOAESVHU',NULL,'2008','985000',NULL,'White','201322','0','Yellow','Diesel','Manual',NULL,NULL,NULL,NULL,NULL,'','ISUZU FRR well maintained, Diesel, Engine intact, Locally used ready documents buy n drive',NULL,'43','0','9','pending',0,'2023-03-23 09:50:13','2023-03-23 09:50:13',NULL,NULL,NULL),
(136,77,NULL,NULL,2,41,NULL,NULL,'DNUJHRMV',NULL,'2015','790000',NULL,'Other','116071','0','Other','Petrol','Automatic',NULL,NULL,NULL,NULL,NULL,'','Extremely clean car\r\nOriginal paint \r\nAccident free',NULL,'21','0','9','pending',0,'2023-03-23 09:57:23','2023-03-23 09:57:23',NULL,NULL,NULL),
(137,78,NULL,NULL,1,6,NULL,NULL,'0MLIKX6Q',NULL,'2011','1100000',NULL,'Silver','128000','0','Brown','Petrol','Automatic',NULL,NULL,NULL,NULL,NULL,'','TOYOTA CROWN\r\nYEAR:  2011  \r\nRATINGS : 2.5 Lts\r\n\r\nPrice 1,050,000 only\r\n\r\nSpecs:- \r\nSunroofs ,  Fog lights, Xenon headlights, Daytime running lights, Alloy rims, Power mirrors with integrated turn signal lights, Keyless entry, Steering controls, Push start button, Seat memories, Central lock, LCD Screen with  reverse camera, Traction control , EV mode,  power seats, Passenger armrest with cup holders, power boot,  Parking Assist.',NULL,'22','0','9','pending',0,'2023-03-23 10:11:52','2023-03-23 10:11:52',NULL,NULL,NULL),
(138,78,NULL,NULL,1,837,NULL,NULL,'M0T45AQH',NULL,'2012','840000',NULL,'White','160000','0','Other','Hybrid','Automatic',NULL,NULL,NULL,NULL,NULL,'','TOYOTA PRIUS HYBRID\r\n1800cc (With EV Option that completely switches of the engine\r\nSteering controls Fog lights, low mileage etc\r\nNew Tyres, Buy And Drive',NULL,'29','0','9','pending',0,'2023-03-23 15:33:18','2023-03-23 15:33:18',NULL,NULL,NULL),
(139,84,NULL,NULL,1,840,NULL,NULL,'X4KWSIQR',NULL,'2007','610000',NULL,'-1','184000','0','Yellow','Petrol','Automatic',NULL,NULL,NULL,NULL,NULL,'','2000cc engine capacity\r\nFinancing acceptable',NULL,'29','0','9','pending',0,'2023-03-24 11:06:25','2023-03-24 11:06:25',NULL,NULL,NULL),
(140,85,NULL,NULL,2,41,NULL,NULL,'U8MXYIQG',NULL,'2009','480000',NULL,'Other','239000','0','Other','Petrol','Automatic',NULL,NULL,NULL,NULL,NULL,'','Locally used, Original paint, Price is negotiable, Buy and drive',NULL,'24','0','9','pending',0,'2023-03-24 11:51:05','2023-03-24 11:51:05',NULL,NULL,NULL),
(141,86,NULL,NULL,2,34,NULL,NULL,'WXGMCMKD',NULL,'2012','420000',NULL,'Other','110000','0','Other','Petrol','Automatic',NULL,NULL,NULL,NULL,NULL,'','Locally used, price negotiatable, excellent condition,',NULL,'23','0','9','pending',0,'2023-03-24 12:16:02','2023-03-24 12:16:02',NULL,NULL,NULL),
(142,86,NULL,NULL,3,50,NULL,NULL,'KFJWDBRW',NULL,'2011','480000',NULL,'White','134000','0','Other','Petrol','Automatic',NULL,NULL,NULL,NULL,NULL,'','Locally used,original paint,excellent conditions, price negotiable',NULL,'25','0','9','pending',0,'2023-03-24 12:21:55','2023-03-24 12:21:55',NULL,NULL,NULL),
(143,86,NULL,NULL,1,836,NULL,NULL,'1UHBQVLG',NULL,'2012','970000',NULL,'Dark Blue','136000','0','Other','Petrol','Automatic',NULL,NULL,NULL,NULL,NULL,'','Original paint ,excellent conditions, 1800cc engine,',NULL,'26','0','9','pending',0,'2023-03-24 12:29:27','2023-03-24 12:29:27',NULL,NULL,NULL),
(144,87,NULL,NULL,3,44,NULL,NULL,'RBHYKXBS',NULL,'2008','590000',NULL,'Black','97997','0','Yellow','Petrol','Automatic',NULL,NULL,NULL,NULL,NULL,'','Mazda Premacy 2008 Model',NULL,'27','0','9','pending',0,'2023-03-27 06:13:39','2023-03-27 06:13:39',NULL,NULL,NULL),
(145,87,NULL,NULL,2,35,NULL,NULL,'KPXAJTNZ',NULL,'2015','1490000',NULL,'White','131000','0','Yellow','Diesel','Manual',NULL,NULL,NULL,NULL,NULL,'','Clean Nissan Hardbody 2015 Model',NULL,'28','0','9','pending',0,'2023-03-27 06:32:20','2023-03-27 06:32:20',NULL,NULL,NULL),
(146,87,NULL,NULL,2,40,NULL,NULL,'ZZIJEHQB',NULL,'2015','1690000',NULL,'Silver','129000','0','Brown','Petrol','Automatic',NULL,NULL,NULL,NULL,NULL,'','Nissan Teana 2015 Model Fully loaded',NULL,'25','0','9','pending',0,'2023-03-27 06:35:49','2023-03-27 06:35:49',NULL,NULL,NULL),
(147,88,NULL,NULL,1,10,NULL,NULL,'A7QQCZDX',NULL,'2014','935000',NULL,'White','100000','0','Yellow','Petrol','Automatic',NULL,NULL,NULL,NULL,NULL,'','Toyota Axio//1500cc//Original Paint//All accessories working properly//Accident free//buy and  drive.',NULL,'38','0','9','pending',0,'2023-03-28 10:09:46','2023-03-28 10:09:46',NULL,NULL,NULL),
(149,96,NULL,NULL,3,57,NULL,NULL,'4BZPWJQI',NULL,'2015','1750000',NULL,'Other','110000','0','Yellow','Petrol','Automatic',NULL,NULL,NULL,NULL,NULL,'','MAZDA AXELA SEDAN \r\n\r\n?2015 model\r\n\r\n? 1500cc petrol\r\n? Dark interior \r\n? AC // DVD / CD / FM / USB / BT players \r\n?Keyless \r\n?Steering cruise controls\r\n? Multifunctional steering \r\n? Skyactiv tech\r\n? Idle stop \r\n? Rvm mode\r\n? Reverse camera\r\n? Active driving \r\n? Display\r\n? Bose music system \r\n? xenon lights \r\n? Fog lights\r\n? winkers\r\n? Alloy rims',NULL,'25','0','9','pending',0,'2023-03-28 12:19:11','2023-03-28 12:19:11',NULL,NULL,NULL),
(150,93,NULL,NULL,1,10,NULL,NULL,'CMKSYMOI',NULL,'2003','1520000',NULL,'White','127000','0','Yellow','Petrol','-1',NULL,NULL,NULL,NULL,NULL,'','Toyota axio\r\nYear 2015,1500cc  bank finance  accepted',NULL,'18','0','9','pending',0,'2023-03-28 14:48:44','2023-03-28 14:48:44',NULL,NULL,NULL),
(151,97,NULL,NULL,11,201,NULL,NULL,'Y3PS6EP9',NULL,'2016','990000',NULL,'Silver','110000','0','Yellow','Petrol','Automatic',NULL,NULL,NULL,NULL,NULL,'','Suzuki Wagon-R Stingray 650cc 2016 silver KDL fog light, push start, Alloy rims, back Camera, heated seats, steering controls, collision mitigation system,  anti slip system, idle stop, CD player, power (windows, steering, mirrors), central locking, A/C',NULL,'25','0','9','pending',0,'2023-03-28 15:31:57','2023-03-28 15:31:57',NULL,NULL,NULL),
(152,66,NULL,NULL,6,112,NULL,NULL,'ZNZRYUAC',NULL,'2010','620000',NULL,'White','157000','0','Other','Petrol','Automatic',NULL,NULL,NULL,NULL,NULL,'','Used 2010 Honda Partner for sale. 1500 CC. 157K mileage. 2WD. Automatic Transmission.  One user since import, very clean, and in great condition. Original paint. All documents are available for reference and verification. The asking price is Kes. 620K, slightly negotiable. Location: Ruai - Nairobi county.',NULL,'30','0','9','pending',0,'2023-03-29 08:03:50','2023-03-29 08:03:50',NULL,NULL,NULL),
(153,103,NULL,NULL,3,57,NULL,NULL,'H1SAGIFB',NULL,'2015','175000',NULL,'White','96303','0','Yellow','Petrol','-1',NULL,NULL,NULL,NULL,NULL,'','Mazda Axela \r\n?Year 2015\r\n?1500cc\r\n?Petrol \r\n?Premium Fabric Interior\r\n?I-Stop',NULL,'35','0','9','pending',0,'2023-03-29 10:39:49','2023-03-29 10:39:49',NULL,NULL,NULL),
(154,93,NULL,NULL,2,24,NULL,NULL,'AHDNWKUD',NULL,'2015','2500000',NULL,'Black','83000','0','Brown','Petrol','Automatic',NULL,NULL,NULL,NULL,NULL,'','Nissan  X-trail \r\n7 seater 4WD optional\r\nYear 2015\r\nBank finance arranged',NULL,'29','0','9','pending',0,'2023-03-30 08:27:37','2023-03-30 08:27:37',NULL,NULL,NULL),
(155,93,NULL,NULL,12,224,NULL,NULL,'RCOYRZNM',NULL,'2015','2200000',NULL,'Black','83000','0','Other','Hybrid','Automatic',NULL,NULL,NULL,NULL,NULL,'-1','Subaru xv petrol Hybrid \r\nYear 2015 2000cc\r\nAutomatic gear with Eyesight camera,lane assist and anti collision',NULL,'21','0','9','pending',0,'2023-03-30 08:34:08','2023-03-30 08:34:08',NULL,NULL,NULL),
(156,93,NULL,NULL,5,87,NULL,NULL,'H3AHSRWJ',NULL,'2015','2100000',NULL,'White','95000','0','Yellow','Petrol','Automatic',NULL,NULL,NULL,NULL,NULL,'','Bank finance  accepted',NULL,'38','0','9','pending',0,'2023-03-30 10:11:37','2023-03-30 10:11:37',NULL,NULL,NULL),
(157,72,NULL,NULL,2,24,NULL,NULL,'VWQB8XGM',NULL,'2003','650000',NULL,'Black','140000','0','Yellow','Petrol','Automatic',NULL,NULL,NULL,NULL,NULL,'','Locally used, accident free,in good condition',NULL,'27','0','9','pending',0,'2023-03-30 10:56:59','2023-03-30 10:56:59',NULL,NULL,NULL),
(158,72,NULL,NULL,1,838,NULL,NULL,'HC4VOLQ6',NULL,'2007','650000',NULL,'Silver','180000','0','Yellow','Petrol','Automatic',NULL,NULL,NULL,NULL,NULL,'','Locally used, accident free,good condition.',NULL,'28','0','9','pending',0,'2023-03-30 11:25:00','2023-03-30 11:25:00',NULL,NULL,NULL),
(160,81,NULL,NULL,2,38,NULL,NULL,'0O5EVPTZ',NULL,'2000','400000',NULL,'White','242850','0','Other','Diesel','Manual',NULL,NULL,NULL,NULL,NULL,'','Clean?\r\nGood condition ?',NULL,'30','0','9','pending',0,'2023-03-30 12:27:24','2023-03-30 12:27:24',NULL,NULL,NULL),
(161,72,NULL,NULL,3,44,NULL,NULL,'PXDFCIAD',NULL,'2005','480000',NULL,'Other','140000','0','Yellow','Petrol','Automatic',NULL,NULL,NULL,NULL,NULL,'','2000cc,locally used, accident free,good condition,clean',NULL,'30','0','9','pending',0,'2023-03-30 12:39:20','2023-03-30 12:39:20',NULL,NULL,NULL),
(162,4,NULL,NULL,9,178,NULL,NULL,'SVK6IYBX',NULL,'2019','300000',NULL,'Brown','12000','2000','Leather','Petrol','Manual',NULL,NULL,NULL,NULL,NULL,'New','Lady owner',NULL,'25','0','9','pending',0,'2023-04-06 12:41:12',NULL,NULL,NULL,NULL),
(163,4,NULL,NULL,7,126,NULL,NULL,'YGGARGOE',NULL,'2016','2000000',NULL,'Green','120000','2000','Leather','Petrol','Automatic',NULL,NULL,NULL,NULL,NULL,'Local','Lady Owner',NULL,'43','0','9','pending',0,'2023-04-11 10:06:55',NULL,NULL,NULL,NULL),
(164,4,NULL,8,5,101,NULL,NULL,'PUBNEG9A',NULL,'2019','3000000',NULL,'Grey','120000','2000','Fabric','Petrol','Automatic',NULL,NULL,NULL,NULL,NULL,'New','Lady owner',NULL,'24','0','9','pending',0,'2023-04-12 13:17:17',NULL,NULL,NULL,NULL),
(166,4,NULL,8,6,119,NULL,NULL,'DIP7NJUB',NULL,'2016','3000000',NULL,'Grey','100000','2400','Fabric','Petrol','Automatic',NULL,NULL,NULL,NULL,NULL,'New','Lady owner',NULL,'39','0','9','pending',0,'2023-04-12 16:10:32',NULL,NULL,NULL,NULL),
(167,95,NULL,9,3,50,NULL,NULL,'VTQYBWG8',NULL,'2015','1180000',NULL,'White','86023','1300','Fabric','Petrol','Automatic',NULL,NULL,NULL,NULL,NULL,'Foreign','Excellent condition\r\nBuy and drive\r\nAccident free',NULL,'31','0','9','pending',0,'2023-04-13 11:18:58',NULL,NULL,NULL,NULL),
(168,95,NULL,8,1,10,NULL,NULL,'7PMPXSHO',NULL,'2015','1550000',NULL,'White','97000','1500','Fabric','Petrol','Automatic',NULL,NULL,NULL,NULL,NULL,'Foreign','Great condition ?\r\nAccident free\r\nOriginal parts \r\nGreat fuel economy\r\nEasy to maintain\r\nGreat Adaptability',NULL,'41','0','9','pending',0,'2023-04-13 11:37:21',NULL,NULL,NULL,NULL),
(169,95,NULL,9,2,41,NULL,NULL,'EQVSKDQP',NULL,'2015','1000000',NULL,'Blue','98560','1200','Fabric','Petrol','Automatic',NULL,NULL,NULL,NULL,NULL,'Foreign','Spacious Interior\r\nExcellent fuel economy\r\nAffordable to buy and maintain\r\nNo Accident History',NULL,'34','0','9','pending',0,'2023-04-13 12:01:35',NULL,NULL,NULL,NULL),
(170,95,NULL,9,2,41,NULL,NULL,'ALI4RHFH',NULL,'2015','1000000',NULL,'Silver','118089','1200','Fabric','Petrol','Automatic',NULL,NULL,NULL,NULL,NULL,'Foreign','No Accident History\r\nExcellent condition\r\nFuel efficient\r\nOriginal tint\r\nAffordable',NULL,'37','0','9','pending',0,'2023-04-13 12:30:44',NULL,NULL,NULL,NULL),
(171,95,NULL,NULL,1,21,NULL,NULL,'3ID6FAT8',NULL,'2015','1100000',NULL,'White','90000','1000','Fabric','Petrol','Automatic',NULL,NULL,NULL,NULL,NULL,'Foreign','Excellent condition ?\r\nOriginal paint\r\nAccident free\r\nFuel economy\r\nAffordable maintenance cost',NULL,'31','0','9','pending',0,'2023-04-13 13:04:35',NULL,NULL,NULL,NULL),
(172,95,NULL,9,1,843,NULL,NULL,'KVL6KOXL',NULL,'2015','930000',NULL,'Silver','80580','1000','Fabric','Petrol','Automatic',NULL,NULL,NULL,NULL,NULL,'Foreign','Excellent condition ?\r\nOriginal parts\r\nOriginal tint\r\nAccident free\r\nFuel efficient',NULL,'28','0','9','pending',0,'2023-04-13 13:24:10',NULL,NULL,NULL,NULL),
(173,95,NULL,9,1,843,NULL,NULL,'8A6LJ2XJ',NULL,'2017','1130000',NULL,'Dark Green','93000','1000','Leather','Petrol','Automatic',NULL,NULL,NULL,NULL,NULL,'Foreign','New shape\r\nComfortable and spacious interior ?\r\nGreat condition\r\nFuel efficient\r\nAffordable maintenance cost',NULL,'36','0','9','pending',0,'2023-04-13 13:49:47',NULL,NULL,NULL,NULL),
(174,117,NULL,NULL,1,16,NULL,NULL,'6MOJAKQG',NULL,'2001','500000',NULL,'White','175000','2200','Fabric','Diesel','Manual',NULL,NULL,NULL,NULL,NULL,'Local','located in Molo sub county, Nakuru county. price is negotiable.',NULL,'47','0','9','pending',0,'2023-04-13 16:02:32',NULL,NULL,NULL,NULL),
(175,95,NULL,9,51,484,NULL,NULL,'FCIERWQ3',NULL,'2015','1800000',NULL,'Blue','109000','1400','Fabric','Petrol','Automatic',NULL,NULL,NULL,NULL,NULL,'Foreign','Excellent interior\r\nSporty and comfortable\r\nGreat condition and accident free \r\nOriginal tint\r\nFuel efficient',NULL,'38','0','9','pending',0,'2023-04-13 16:08:57',NULL,NULL,NULL,NULL),
(176,81,NULL,9,1,21,NULL,NULL,'G2SGHG1C',NULL,'2011','850000',NULL,'Black','135000','1800','Leather','Petrol','Automatic',NULL,NULL,NULL,NULL,NULL,'Local','Locally used\r\ngreat condition',NULL,'33','0','9','pending',0,'2023-04-13 17:52:48',NULL,NULL,NULL,NULL),
(177,81,NULL,NULL,15,306,NULL,NULL,'STOHT8OR',NULL,'2000','550000',NULL,'Green','66081','2400','Leather','Petrol','Manual',NULL,NULL,NULL,NULL,NULL,'Local','LandRover 109\r\nPetrol\r\n2400 c\r\nManual\r\nNew tyres\r\nVery well maintained\r\nAccident free',NULL,'38','0','9','pending',0,'2023-04-13 18:03:59',NULL,NULL,NULL,NULL),
(178,81,NULL,15,15,306,NULL,NULL,'8WHM3GHR',NULL,'2000','550000',NULL,'Green','66000','1400','Leather','Petrol','Manual',NULL,NULL,NULL,NULL,NULL,'Local','Well maintained and in good condition',NULL,'45','0','9','pending',0,'2023-04-13 19:31:35',NULL,NULL,NULL,NULL),
(179,93,NULL,9,3,50,NULL,NULL,'KAJWW9JL',NULL,'2012','650000',NULL,'Silver','139000','1300','Fabric','Petrol','Automatic',NULL,NULL,NULL,NULL,NULL,'Local','Very clean original  paint',NULL,'42','0','9','pending',0,'2023-04-14 18:40:48',NULL,NULL,NULL,NULL),
(180,93,NULL,1,1,829,NULL,NULL,'NUEHX1WN',NULL,'2007','1360000',NULL,'Other','130000','2400','Fabric','Petrol','Automatic',NULL,NULL,NULL,NULL,NULL,'Local','Good condition \r\nBuy and drive',NULL,'47','0','9','pending',0,'2023-04-14 18:49:01',NULL,NULL,NULL,NULL),
(182,118,NULL,8,1,18,NULL,NULL,'LXHZO9OE',NULL,'2007','570000',NULL,'Grey','198000','1500','Fabric','Petrol','Automatic',NULL,NULL,NULL,NULL,NULL,'Local','Excellent condition ?\r\nWell maintained\r\nOriginal parts',NULL,'53','0','9','pending',0,'2023-04-17 11:49:16',NULL,NULL,NULL,NULL),
(183,118,NULL,8,1,1,NULL,NULL,'KTYS8I4P',NULL,'2010','990000',NULL,'Silver','128000','1800','Fabric','Petrol','Automatic',NULL,NULL,NULL,NULL,NULL,'Local','Well maintained and in excellent condition ?, Accident free, Documents ready and available',NULL,'77','0','9','pending',0,'2023-04-17 12:05:14',NULL,NULL,NULL,NULL),
(185,118,NULL,18,1,15,NULL,NULL,'VS0E5S7D',NULL,'2011','3650000',NULL,'Other','142000','2000','Leather','Diesel','Automatic',NULL,NULL,NULL,NULL,NULL,'Local','Well maintained, great condition ?, ready documents',NULL,'30','0','9','pending',0,'2023-04-20 11:17:39',NULL,NULL,NULL,NULL),
(186,121,NULL,9,2,27,NULL,NULL,'G6VQRF2U',NULL,'2014','970000',NULL,'Black','85000','1500','Fabric','Petrol','Automatic',NULL,NULL,NULL,NULL,NULL,'Local','Slightly use,well maintained, excellent condition',NULL,'36','0','9','pending',0,'2023-04-20 11:58:34',NULL,NULL,NULL,NULL),
(187,118,NULL,9,3,50,NULL,NULL,'DSMT4HHN',NULL,'2011','640000',NULL,'Black','128000','1300','Fabric','Petrol','Automatic',NULL,NULL,NULL,NULL,NULL,'Local','Well maintained, accident free, buy and drive, ready documents',NULL,'24','0','9','pending',0,'2023-04-20 12:05:09',NULL,NULL,NULL,NULL),
(188,118,NULL,9,1,843,NULL,NULL,'KNSCOZGY',NULL,'2013','695000',NULL,'Other','105000','1000','Fabric','Petrol','Automatic',NULL,NULL,NULL,NULL,NULL,'Local','Fuel efficient\r\nLow maintenance cost\r\nWell maintained\r\nDocuments available',NULL,'23','0','9','pending',0,'2023-04-20 12:14:49',NULL,NULL,NULL,NULL),
(189,121,NULL,14,1,9,NULL,NULL,'OF3SDAWW',NULL,'2015','2100000',NULL,'Black','64000','74000','Fabric','Petrol','Automatic',NULL,NULL,NULL,NULL,NULL,'Local','Good condition,low mileage, original paint',NULL,'31','0','9','pending',0,'2023-04-20 12:35:13',NULL,NULL,NULL,NULL),
(190,118,NULL,7,2,32,NULL,NULL,'0JFRUYSV',NULL,'2008','895000',NULL,'Red','179000','2000','Other','Petrol','Automatic',NULL,NULL,NULL,NULL,NULL,'Local','Great and comfortable interior ?, Accident free, Excellent condition',NULL,'28','0','9','pending',0,'2023-04-20 12:35:26',NULL,NULL,NULL,NULL),
(191,118,NULL,14,1,840,NULL,NULL,'XA1DJVTX',NULL,'2010','880000',NULL,'Black','132000','1790','Fabric','Petrol','Automatic',NULL,NULL,NULL,NULL,NULL,'Local','7 passenger van, Excellent condition?, well maintained exterior and interior',NULL,'30','0','9','pending',0,'2023-04-20 12:50:09',NULL,NULL,NULL,NULL),
(192,118,NULL,8,1,6,NULL,NULL,'11Q3C8AC',NULL,'2007','640000',NULL,'Black','178000','2500','Leather','Diesel','Automatic',NULL,NULL,NULL,NULL,NULL,'Local','Great condition, Clean, Fuel economy',NULL,'33','0','9','pending',0,'2023-04-20 14:27:20',NULL,NULL,NULL,NULL),
(193,121,NULL,1,1,829,NULL,NULL,'LFJU46TA',NULL,'2007','935000',NULL,'Black','135000','2400','Fabric','Petrol','Automatic',NULL,NULL,NULL,NULL,NULL,'Local','In good condition, original paint.',NULL,'30','0','9','pending',0,'2023-04-20 14:37:42',NULL,NULL,NULL,NULL),
(194,118,NULL,NULL,2,41,NULL,NULL,'BIEIVEHM',NULL,'2014','880000',NULL,'Black','87000','1200','Fabric','Petrol','Automatic',NULL,NULL,NULL,NULL,NULL,'Local','Excellent fuel economy, Clean, Accident free, Buy and drive, documents available',NULL,'29','0','9','pending',0,'2023-04-20 14:44:58',NULL,NULL,NULL,NULL),
(195,118,NULL,9,3,50,NULL,NULL,'OZYP3EUO',NULL,'2010','565000',NULL,'Blue','148000','1300','Fabric','Petrol','Automatic',NULL,NULL,NULL,NULL,NULL,'Local','Good condition, clean interior and exterior, well maintained, affordable price',NULL,'31','0','9','pending',0,'2023-04-20 15:16:08',NULL,NULL,NULL,NULL),
(196,118,NULL,9,2,41,NULL,NULL,'25CILZZD',NULL,'2019','595000',NULL,'Grey','137000','1200','Fabric','Petrol','Automatic',NULL,NULL,NULL,NULL,NULL,'Local','Excellent condition, clean interior and exterior, accident free, original paint, fuel efficient',NULL,'29','0','9','pending',0,'2023-04-20 15:33:31',NULL,NULL,NULL,NULL),
(197,118,NULL,14,1,840,NULL,NULL,'2VN93VUV',NULL,'2011','1295000',NULL,'Black','137000','2000','Fabric','Petrol','Automatic',NULL,NULL,NULL,NULL,NULL,'Local','Well maintained and clean, ?',NULL,'26','0','9','pending',0,'2023-04-20 15:57:00',NULL,NULL,NULL,NULL),
(198,118,NULL,8,1,6,NULL,NULL,'RLYNAHDC',NULL,'2009','765000',NULL,'White','152000','2500','Fabric','Petrol','Automatic',NULL,NULL,NULL,NULL,NULL,'Local','Great condition, clean interior and exterior, documents available, buy and drive',NULL,'34','0','9','pending',0,'2023-04-20 16:59:25',NULL,NULL,NULL,NULL),
(199,121,NULL,8,1,4,NULL,NULL,'1HQZHP51',NULL,'2007','450000',NULL,'White','166000','1000','Fabric','Petrol','Automatic',NULL,NULL,NULL,NULL,NULL,'Local','In good condition,buy and drive, original paint',NULL,'35','0','9','pending',0,'2023-04-20 17:02:44',NULL,NULL,NULL,NULL),
(200,118,NULL,8,1,836,NULL,NULL,'PEWWQZAM',NULL,'2009','865000',NULL,'Blue','145000','1800','Fabric','Petrol','Automatic',NULL,NULL,NULL,NULL,NULL,'Local','Excellent condition, clean interior ?, original parts,, buy and drive, documents available',NULL,'51','0','9','pending',0,'2023-04-20 17:11:36',NULL,NULL,NULL,NULL),
(201,118,NULL,9,6,833,NULL,NULL,'QVKR4QUA',NULL,'2011','645000',NULL,'Black','152000','1500','Fabric','Petrol','Automatic',NULL,NULL,NULL,NULL,NULL,'Local','Very well maintained, accident free, documents available, Buy and drive',NULL,'33','0','9','pending',0,'2023-04-20 17:40:21',NULL,NULL,NULL,NULL),
(202,118,NULL,9,6,833,NULL,NULL,'POVM2VJ6',NULL,'2012','665000',NULL,'Red','160000','1500','Fabric','Petrol','Automatic',NULL,NULL,NULL,NULL,NULL,'Local','Excellent condition, clean, accident free,',NULL,'31','0','9','pending',0,'2023-04-20 18:00:43',NULL,NULL,NULL,NULL),
(203,118,NULL,8,1,7,NULL,NULL,'TCJB41L7',NULL,'2010','850000',NULL,'White','145000','1800','Fabric','Diesel','Automatic',NULL,NULL,NULL,NULL,NULL,'Local','Excellent condition',NULL,'24','0','9','pending',0,'2023-04-24 09:44:39',NULL,NULL,NULL,NULL),
(204,81,NULL,1,2,24,NULL,NULL,'ZUIJQL2E',NULL,'2002','600000',NULL,'Silver','145000','2000','Leather','Petrol','Automatic',NULL,NULL,NULL,NULL,NULL,'Local','Well maintained with clean interior, original parts, Best performance',NULL,'23','0','9','pending',0,'2023-04-24 10:53:59',NULL,NULL,NULL,NULL),
(205,81,NULL,9,1,17,NULL,NULL,'WIXCROFQ',NULL,'2002','500000',NULL,'Grey','158000','1500','Fabric','Petrol','Automatic',NULL,NULL,NULL,NULL,NULL,'Local','Good condition,  no dents, accident free, price is negotiable.',NULL,'28','0','9','pending',0,'2023-04-24 11:09:42',NULL,NULL,NULL,NULL),
(206,81,NULL,14,1,840,NULL,NULL,'1XLDFIJW',NULL,'2007','600000',NULL,'Silver','130000','2000','Fabric','Petrol','Automatic',NULL,NULL,NULL,NULL,NULL,'Local','2WD, Super clean interior, well maintained, no accident record',NULL,'28','0','9','pending',0,'2023-04-24 11:23:45',NULL,NULL,NULL,NULL),
(207,81,NULL,15,8,159,NULL,NULL,'6RNCDB6H',NULL,'2017','1500000',NULL,'White','261026','4300','Leather','Diesel','Manual',NULL,NULL,NULL,NULL,NULL,'Local','Isuzu Npr, closed body, Clean unit, Accident free',NULL,'24','0','9','pending',0,'2023-04-24 12:32:11',NULL,NULL,NULL,NULL),
(208,81,NULL,14,1,14,NULL,NULL,'8PHKMOYY',NULL,'2003','509609',NULL,'White','315000','2800','Fabric','Diesel','Manual',NULL,NULL,NULL,NULL,NULL,'Local','Toyota Hiace 5L, In excellent condition, 14 seater',NULL,'22','0','9','pending',0,'2023-04-24 13:09:25',NULL,NULL,NULL,NULL),
(209,121,NULL,NULL,1,15,NULL,NULL,'IQ4HXLG8',NULL,'2021','1190000',NULL,'-1','257000','3000','Fabric','Diesel','Automatic',NULL,NULL,NULL,NULL,NULL,'Local','Locally used, accident free,in good condition',NULL,'29','0','9','pending',0,'2023-04-24 13:15:30',NULL,NULL,NULL,NULL),
(210,121,NULL,NULL,1,8,NULL,NULL,'OAAFAJOF',NULL,'2005','550000',NULL,'Black','274000','3000','Leather','Petrol','Manual',NULL,NULL,NULL,NULL,NULL,'Local','Accident free, well maintained, double cub',NULL,'29','0','9','pending',0,'2023-04-24 13:38:56',NULL,NULL,NULL,NULL),
(211,81,NULL,NULL,2,33,NULL,NULL,'T8DUCXQM',NULL,'2007','450000',NULL,'Black','250000','1500','Fabric','Petrol','Automatic',NULL,NULL,NULL,NULL,NULL,'Local','Clean cube, well maintained, friendly price',NULL,'24','0','9','pending',0,'2023-04-24 13:58:09',NULL,NULL,NULL,NULL),
(212,121,NULL,1,3,58,NULL,NULL,'FTHRKZXD',NULL,'2010','950000',NULL,'Black','104000','2400','Leather','Petrol','Automatic',NULL,NULL,NULL,NULL,NULL,'Local','Accident free, ready to drive',NULL,'28','0','9','pending',0,'2023-04-24 14:15:54',NULL,NULL,NULL,NULL),
(214,134,NULL,20,30,763,NULL,NULL,'W2GTA3SJ',NULL,'2021','5330000',NULL,'Orange','6900','4000','Other','Hybrid','Manual',NULL,NULL,NULL,NULL,NULL,'Foreign','Ipsum magna quidem p',NULL,'23','0','9','pending',0,'2023-04-26 14:15:20',NULL,NULL,NULL,NULL),
(215,135,NULL,8,9,173,NULL,NULL,'IPNLHVL0',NULL,'2015','1200000',NULL,'Navy Blue','65000','1800','Leather','Petrol','Automatic',NULL,NULL,NULL,NULL,NULL,'Foreign','This is a test vehicle',NULL,'31','0','9','pending',0,'2023-04-26 15:10:59',NULL,NULL,NULL,NULL),
(216,121,NULL,7,12,217,NULL,NULL,'3KS5MYMQ',NULL,'2000','455000',NULL,'Blue','204000','2000','Fabric','Petrol','Automatic',NULL,NULL,NULL,NULL,NULL,'Local','Mechanically maintained,ready documents,',NULL,'29','0','9','pending',0,'2023-04-26 15:26:52',NULL,NULL,NULL,NULL),
(217,121,NULL,9,3,50,NULL,NULL,'YA8H6ZOQ',NULL,'2012','400000',NULL,'Brown','94000','1300','Fabric','Petrol','Automatic',NULL,NULL,NULL,NULL,NULL,'Local','Mechanically maintained,ready documents, accident free.',NULL,'52','0','9','pending',0,'2023-04-26 15:42:17',NULL,NULL,NULL,NULL),
(218,121,NULL,8,1,10,NULL,NULL,'AFPYJDZK',NULL,'2008','555000',NULL,'Beige','210000','1500','Leather','Petrol','Automatic',NULL,NULL,NULL,NULL,NULL,'Local','Ready to drive,needs paint work only, mechanically maintained, accident free',NULL,'30','0','9','pending',0,'2023-04-26 15:56:12',NULL,NULL,NULL,NULL),
(219,121,NULL,1,11,196,NULL,NULL,'ZYYHK5WG',NULL,'2006','685000',NULL,'Grey','124000','2400','Fabric','Petrol','Automatic',NULL,NULL,NULL,NULL,NULL,'Local','Accident free,ready documents, mechanically maintained',NULL,'32','0','9','pending',0,'2023-04-26 16:13:27',NULL,NULL,NULL,NULL),
(221,96,NULL,1,1,12,NULL,NULL,'NGAEJYZV',NULL,'2015','3530000',NULL,'Black','00','2000','Leather','Petrol','Automatic',NULL,NULL,NULL,NULL,NULL,'Foreign','Fully loaded',NULL,'28','0','9','pending',0,'2023-04-27 11:37:32',NULL,NULL,NULL,NULL),
(222,121,NULL,9,1,838,NULL,NULL,'MELRYWEQ',NULL,'2012','745000',NULL,'Red','98000','15000','Fabric','Petrol','Automatic',NULL,NULL,NULL,NULL,NULL,'Local','Mechanically maintained,ready documents',NULL,'28','0','9','pending',0,'2023-04-28 09:19:01',NULL,NULL,NULL,NULL),
(223,121,NULL,NULL,51,484,NULL,NULL,'LC8GF5R6',NULL,'2007','600000',NULL,'Dark Green','134000','3000','Leather','Petrol','Automatic',NULL,NULL,NULL,NULL,NULL,'Local','Mechanically maintained, accident free,ready documents,ready to drive.',NULL,'35','0','9','pending',0,'2023-04-28 09:56:43',NULL,NULL,NULL,NULL),
(224,121,NULL,NULL,8,144,NULL,NULL,'ATJRVGU6',NULL,'2010','1500000',NULL,'White','114000','3000','Fabric','Diesel','Automatic',NULL,NULL,NULL,NULL,NULL,'Local','Accident free,well maintained,ready documents, original paint',NULL,'32','0','9','pending',0,'2023-04-28 10:12:11',NULL,NULL,NULL,NULL),
(225,121,NULL,8,1,1,NULL,NULL,'AIWHOT8Q',NULL,'2004','350000',NULL,'Blue','134000','1800','Fabric','Petrol','Automatic',NULL,NULL,NULL,NULL,NULL,'Local','Accident free,well maintained, original paint',NULL,'28','0','9','pending',0,'2023-04-28 10:34:06',NULL,NULL,NULL,NULL),
(226,121,NULL,NULL,1,16,NULL,NULL,'AIHIBUNI',NULL,'2012','600000',NULL,'White','98000','1400','Fabric','Diesel','Automatic',NULL,NULL,NULL,NULL,NULL,'Local','Accident free,well maintained, original paint.ready documents',NULL,'28','0','9','pending',0,'2023-04-28 11:26:41',NULL,NULL,NULL,NULL),
(227,145,NULL,NULL,3,50,NULL,NULL,'FYIMZOZB',NULL,'2021','1050000',NULL,'White','278100','1500','Fabric','Diesel','Automatic',NULL,NULL,NULL,NULL,NULL,'Local','Excellent condition, original parts, original paint',NULL,'21','0','9','pending',0,'2023-05-02 10:24:02',NULL,NULL,NULL,NULL),
(228,145,NULL,9,1,843,NULL,NULL,'RKHD9FRI',NULL,'2016','1050000',NULL,'Grey','96460','1000','Fabric','Petrol','Automatic',NULL,NULL,NULL,NULL,NULL,'Foreign','Foreign used, excellent condition, comfortable and clean interior, fuel efficient.',NULL,'32','0','9','pending',0,'2023-05-02 10:40:18',NULL,NULL,NULL,NULL),
(229,145,NULL,NULL,12,222,NULL,NULL,'VFCDTVGH',NULL,'2021','750000',NULL,'Black','82370','650','Fabric','Petrol','Automatic',NULL,NULL,NULL,NULL,NULL,'Foreign','Foreign used, excellent condition ?\r\nVisit us today for viewing at Northernshine motors kiambu Road',NULL,'33','0','9','pending',0,'2023-05-02 10:53:08',NULL,NULL,NULL,NULL),
(230,145,NULL,9,11,206,NULL,NULL,'YC4QPBVO',NULL,'2015','1000000',NULL,'Grey','85000','1200','Fabric','Petrol','Automatic',NULL,NULL,NULL,NULL,NULL,'Foreign','Foreign used, accident free, excellent condition, great performance.',NULL,'22','0','9','pending',0,'2023-05-02 11:16:00',NULL,NULL,NULL,NULL),
(231,145,NULL,9,3,50,NULL,NULL,'WFG7AAHD',NULL,'2015','1150000',NULL,'Red','92500','1300','Fabric','Petrol','Automatic',NULL,NULL,NULL,NULL,NULL,'Foreign','Foreign used, clean interior, free from dents, no accident history,',NULL,'22','0','9','pending',0,'2023-05-02 11:56:55',NULL,NULL,NULL,NULL),
(232,145,NULL,9,1,838,NULL,NULL,'SVLLOTHI',NULL,'2016','1650000',NULL,'Red','88000','1500','Fabric','Petrol','Automatic',NULL,NULL,NULL,NULL,NULL,'Foreign','Toyota fielder Hybrid, foreign used, excellent condition, clean body and interior.',NULL,'25','0','9','pending',0,'2023-05-02 12:11:36',NULL,NULL,NULL,NULL),
(235,145,NULL,9,16,327,NULL,NULL,'SAZYXJBN',NULL,'2015','750000',NULL,'White','87000','650','Fabric','Petrol','Automatic',NULL,NULL,NULL,NULL,NULL,'Foreign','5 door hatchback, Foreign used, excellent condition ?, fuel efficient.',NULL,'30','0','9','pending',0,'2023-05-02 15:49:43',NULL,NULL,NULL,NULL),
(239,91,NULL,NULL,1,843,NULL,NULL,'ZN2LRKXP',NULL,'2021','930000',NULL,'White','86580','1000','Fabric','Petrol','Automatic',NULL,NULL,NULL,NULL,NULL,'Foreign','Excellent condition ? Clean interior, original parts, original paint...call us today',NULL,'32','0','9','pending',0,'2023-05-02 16:59:00',NULL,NULL,NULL,NULL),
(240,91,NULL,9,11,205,NULL,NULL,'OQ0ISNCQ',NULL,'2015','700000',NULL,'White','123000','650','Fabric','Petrol','Automatic',NULL,NULL,NULL,NULL,NULL,'Local','Great condition, original parts, original tint, fuel efficient, good performance.',NULL,'35','0','9','pending',0,'2023-05-02 17:06:43',NULL,NULL,NULL,NULL),
(241,91,NULL,9,2,41,NULL,NULL,'EQDZTHIF',NULL,'2015','980000',NULL,'Grey','108600','1200','Fabric','Petrol','Automatic',NULL,NULL,NULL,NULL,NULL,'Local','Nissan note 2015, foreign used, excellent condition',NULL,'50','0','9','pending',0,'2023-05-02 17:13:53',NULL,NULL,NULL,NULL),
(242,91,NULL,NULL,1,7,NULL,NULL,'W2YN43L8',NULL,'2021','1100000',NULL,'-1','115000','1500','Fabric','Petrol','Automatic',NULL,NULL,NULL,NULL,NULL,'Foreign','Foreign used Toyota succeed, excellent condition ?, no accident history, original paint and parts.',NULL,'62','0','9','pending',0,'2023-05-02 17:23:10',NULL,NULL,NULL,NULL),
(243,146,NULL,NULL,1,838,NULL,NULL,'EMQEVRPI',NULL,'2021','1550000',NULL,'Silver','91500','1500','Fabric','Petrol','Automatic',NULL,NULL,NULL,NULL,NULL,'Foreign','Toyota Fielder Hybrid 2015, excellent condition, no accident history, original parts, clean interior, comfortable.',NULL,'33','0','9','pending',0,'2023-05-04 16:00:22',NULL,NULL,NULL,NULL),
(245,146,NULL,9,3,50,NULL,NULL,'M4C7AC3U',NULL,'2015','1050000',NULL,'White','127000','1500','Fabric','Diesel','Automatic',NULL,NULL,NULL,NULL,NULL,'Local','Excellent condition ?, great performance, clean interior and exterior, no accident history..Buy today and drive away a happy owner.',NULL,'37','0','9','pending',0,'2023-05-04 16:30:36',NULL,NULL,NULL,NULL),
(246,91,NULL,9,1,843,NULL,NULL,'FS2JYT4C',NULL,'2013','700000',NULL,'Blue','97630','1000','Fabric','Petrol','Automatic',NULL,NULL,NULL,NULL,NULL,'Local','Toyota passo, 1000cc, locally used, well maintained and in excellent condition, clean interior, original paint, original parts..buy and drive.',NULL,'32','0','9','pending',0,'2023-05-04 16:54:25',NULL,NULL,NULL,NULL),
(247,146,NULL,9,1,843,NULL,NULL,'O4PWV2W5',NULL,'2016','1050000',NULL,'Grey','96460','1000','Fabric','Petrol','Automatic',NULL,NULL,NULL,NULL,NULL,'Foreign','Toyota passo, foreign used, excellent condition ? great performance.',NULL,'31','0','9','pending',0,'2023-05-04 17:21:09',NULL,NULL,NULL,NULL),
(248,91,NULL,NULL,6,123,NULL,NULL,'GUWIRE6J',NULL,'2021','2350000',NULL,'Black','85000','1500','Fabric','Petrol','Automatic',NULL,NULL,NULL,NULL,NULL,'Foreign','Honda Vezel, excellent condition and great performance... Available. Contact us today!',NULL,'37','0','9','pending',0,'2023-05-05 12:57:09',NULL,NULL,NULL,NULL),
(249,56,NULL,NULL,11,205,NULL,NULL,'9NGB1IV4',NULL,'2018','400000',NULL,'White','1890','796','Leather','Petrol','Manual',NULL,NULL,NULL,NULL,NULL,'Local','Call 0743838877',NULL,'28','0','9','pending',0,'2023-05-09 12:27:00',NULL,NULL,NULL,NULL),
(250,56,NULL,NULL,1,7,NULL,NULL,'2FCFXXIH',NULL,'2008','700000',NULL,'White','19900','1300','Fabric','Petrol','Automatic',NULL,NULL,NULL,NULL,NULL,'Foreign','Call 0743838877',NULL,'33','0','9','pending',0,'2023-05-09 12:44:24',NULL,NULL,NULL,NULL),
(251,51,NULL,1,1,15,NULL,NULL,'DOMDOFZG',NULL,'2016','7400000',NULL,'Brown','65000','3000','Leather','Diesel','Automatic',NULL,NULL,NULL,NULL,NULL,'Foreign','2016 Toyota Land Cruiser Prado VXL? Features ;  3000cc 1KD diesel engine - 6 speed automatic transmission with tiptronic option - 4WD with crawl control - Multi-terrain select system - Adjustable suspension for comfort and sport - Surround view cameras - 16 speaker Dolby Digital entertainment system, 6CD changer, Seven leather seats, Fog Lamps, Roof Rails, Mirror Winkers among other extras.   We accept TRADE INS and arrange BANK FINANCE Call/Whatsapp us on 0719531166',NULL,'37','0','9','pending',0,'2023-05-11 09:47:19',NULL,NULL,NULL,NULL),
(252,146,NULL,NULL,1,10,NULL,NULL,'ZNDMFNOZ',NULL,'2015','1530000',NULL,'White','108008','1500','Fabric','Petrol','Automatic',NULL,NULL,NULL,NULL,NULL,'Foreign','Foreign used Toyota Axio, Excellent condition..Get in touch us today or visit us at kiambu Road, Northernshine motors for viewing.',NULL,'31','0','9','pending',0,'2023-05-11 10:38:33',NULL,NULL,NULL,NULL),
(253,146,NULL,NULL,2,41,NULL,NULL,'QXBACTSV',NULL,'2015','1050000',NULL,'Black','97300','1200','Fabric','Petrol','Automatic',NULL,NULL,NULL,NULL,NULL,'Foreign','Nissan note 2015, Well maintained and in excellent condition..\r\ncall or visit us today',NULL,'23','0','9','pending',0,'2023-05-11 10:49:39',NULL,NULL,NULL,NULL),
(254,146,NULL,9,2,34,NULL,NULL,'0GOKQDH0',NULL,'2016','930000',NULL,'Silver','79000','1200','Fabric','Petrol','Automatic',NULL,NULL,NULL,NULL,NULL,'Foreign','Foreign used Nissan March 2016, 1200cc in excellent condition.. check in with us at kiambu road Northernshine motors or contact us today!',NULL,'25','0','9','pending',0,'2023-05-11 11:33:21',NULL,NULL,NULL,NULL),
(256,153,NULL,NULL,1,8,NULL,NULL,'FXFEBJUL',NULL,'2015','2100000',NULL,NULL,'111562','2500','Fabric','Diesel','Manual',NULL,NULL,NULL,NULL,NULL,'Local','Toyota hilux pickup 2015 model 2500cc diesel manual 2wd local assembly \r\nPrice: 2.099m\r\nKaribu Powermat',NULL,'25','0','9','pending',0,'2023-05-11 13:54:02',NULL,NULL,NULL,NULL),
(257,146,NULL,NULL,1,838,NULL,NULL,'9OJDPMN6',NULL,'2021','1550000',NULL,'White','88000','1500','Fabric','Petrol','Automatic',NULL,NULL,NULL,NULL,NULL,'Foreign','Foreign used Toyota fielder 2015, cc1500 Excellent condition, no accident history, clean interior, original parts.\r\nVisit us today at kiambu road, Northernshine motors or contact us today for enquiry',NULL,'33','0','9','pending',0,'2023-05-11 13:57:08',NULL,NULL,NULL,NULL),
(260,146,NULL,NULL,1,838,NULL,NULL,'3CDVSFRF',NULL,'2014','1550000',NULL,'White','94600','1500','Fabric','Petrol','Automatic',NULL,NULL,NULL,NULL,NULL,'Foreign','Foreign used, Toyota fielder 2014, cc1500, Perfect condition ?',NULL,'22','0','9','pending',0,'2023-05-11 17:15:58',NULL,NULL,NULL,NULL),
(261,146,NULL,9,11,206,NULL,NULL,'ZKCIRSOB',NULL,'2015','1000000',NULL,'Grey','113000','1200','Fabric','Petrol','Automatic',NULL,NULL,NULL,NULL,NULL,'Foreign','Foreign used Suzuki swift, 1200cc engine, no accident history, clean and come interior.\r\nBuy today',NULL,'23','0','9','pending',0,'2023-05-11 17:28:12',NULL,NULL,NULL,NULL),
(262,91,NULL,NULL,6,833,NULL,NULL,'QLJGN08F',NULL,'2016','1580000',NULL,'Grey','114500','1500','Fabric','Petrol','Automatic',NULL,NULL,NULL,NULL,NULL,'Foreign','Foreign used Honda Fit Shuttle, cc1500, Five seater, Tiptronic gear, spacious and comfortable interior. Excellent condition, clean and well maintained.',NULL,'21','0','9','pending',0,'2023-05-11 17:56:43',NULL,NULL,NULL,NULL),
(263,146,NULL,NULL,1,838,NULL,NULL,'APYGQJUT',NULL,'2015','1650000',NULL,'Red','84000','1500','Fabric','Petrol','Automatic',NULL,NULL,NULL,NULL,NULL,'Foreign','Foreign used Toyota fielder Hybrid, cc1500, Excellent condition, comfortable and spacious.',NULL,'19','0','9','pending',0,'2023-05-12 09:28:00',NULL,NULL,NULL,NULL),
(265,146,NULL,9,11,205,NULL,NULL,'WOQXP377',NULL,'2015','750000',NULL,'Red','96000','648','Fabric','Petrol','Automatic',NULL,NULL,NULL,NULL,NULL,'Foreign','Foreign used Suzuki Alto 2015, cc650, Well maintained and in excellent condition, documents ready. Call us for more info',NULL,'18','0','9','pending',0,'2023-05-12 09:57:14',NULL,NULL,NULL,NULL),
(267,91,NULL,9,3,50,NULL,NULL,'HNJR7ROD',NULL,'2015','1100000',NULL,'Blue','105000','1300','Fabric','Diesel','Automatic',NULL,NULL,NULL,NULL,NULL,'Foreign','Foreign used Mazda Demio 2015, cc1300, Excellent condition, no accident history, comfortable with clean interior. Call us for more info or visit us at Carman Autos along Kiambu road.',NULL,'28','0','9','pending',0,'2023-05-12 10:23:25',NULL,NULL,NULL,NULL),
(269,146,NULL,14,6,111,NULL,NULL,'GTYSDJTA',NULL,'2014','2250000',NULL,'White','96000','1998','Fabric','Petrol','Automatic',NULL,NULL,NULL,NULL,NULL,'Foreign','Mechanically maintained, ready documents, foreign used car, call us for more information.',NULL,'20','0','9','pending',0,'2023-05-12 10:47:32',NULL,NULL,NULL,NULL),
(270,91,NULL,9,16,327,NULL,NULL,'LRIL4W0F',NULL,'2016','840000',NULL,'White','92000','600','Fabric','Petrol','Automatic',NULL,NULL,NULL,NULL,NULL,'Foreign','Foreign used Dihatsu Mira 2016, cc600, spacious and provides comfort. Well maintained in excellent condition with no accident history, Fuel efficient with low maintenance cost.\r\nPrice is slightly negotiable',NULL,'18','0','9','pending',0,'2023-05-12 11:00:11',NULL,NULL,NULL,NULL),
(272,91,NULL,9,1,21,NULL,NULL,'R3BUKMYO',NULL,'2015','1080000',NULL,'Silver','112000','1000','Fabric','Petrol','Automatic',NULL,NULL,NULL,NULL,NULL,'Foreign','Foreign used Toyota vitz 2015, cc1000, Well maintained in excellent condition, no accident history, original parts, fuel efficient with low maintenance cost',NULL,'22','0','9','pending',0,'2023-05-12 11:33:49',NULL,NULL,NULL,NULL),
(273,146,NULL,9,1,843,NULL,NULL,'9AOS75UN',NULL,'2015','1050000',NULL,'Brown','97000','998','Fabric','Petrol','Automatic',NULL,NULL,NULL,NULL,NULL,'Foreign','Well maintained car, foreign used, ready documents, call us for more information.',NULL,'21','0','9','pending',0,'2023-05-12 11:36:51',NULL,NULL,NULL,NULL),
(274,146,NULL,9,2,34,NULL,NULL,'WEC4JVYQ',NULL,'2016','930000',NULL,'Silver','97000','1200','Fabric','Petrol','Automatic',NULL,NULL,NULL,NULL,NULL,'Foreign','FOREIGN USED CAR, WELL MAINTAINED, READY DOCUMENTS,CALL US FOR MORE INFORNATION.',NULL,'28','0','9','pending',0,'2023-05-12 13:01:26',NULL,NULL,NULL,NULL),
(275,146,NULL,9,2,41,NULL,NULL,'20VVYDPC',NULL,'2015','1100000',NULL,'Black','98000','1200','Fabric','Petrol','Automatic',NULL,NULL,NULL,NULL,NULL,'Foreign','Locally used car, accident free, original paint, ready documents, call us for more information.',NULL,'22','0','9','pending',0,'2023-05-12 13:26:59',NULL,NULL,NULL,NULL),
(276,146,NULL,9,1,5,NULL,NULL,'6MZJEFIK',NULL,'2015','1150000',NULL,'Other','92485','1498','Fabric','Petrol','Automatic',NULL,NULL,NULL,NULL,NULL,'Foreign','Well maintained, foreign used car, original paint. call us for more information',NULL,'29','0','9','pending',0,'2023-05-12 14:11:49',NULL,NULL,NULL,NULL),
(277,146,NULL,8,1,10,NULL,NULL,'DOKDSUDN',NULL,'2015','1580000',NULL,'White','94000','1500','Fabric','Petrol','Automatic',NULL,NULL,NULL,NULL,NULL,'Foreign','Well maintained, foreign used, ready documents, original paint. call for more information.',NULL,'34','0','9','pending',0,'2023-05-12 14:26:13',NULL,NULL,NULL,NULL),
(278,146,NULL,8,1,838,NULL,NULL,'IZQNBIEG',NULL,'2016','1650000',NULL,'White','84000','1600','Fabric','Petrol','Automatic',NULL,NULL,NULL,NULL,NULL,'Foreign','Foreign used car, original paint , well maintained, accident free ,hybrid,,, call us for more information',NULL,'31','0','9','pending',0,'2023-05-12 15:39:10',NULL,NULL,NULL,NULL),
(279,146,NULL,NULL,1,838,NULL,NULL,'LZQZEU5U',NULL,'2015','1650000',NULL,'Grey','98000','1500','Fabric','Petrol','Automatic',NULL,NULL,NULL,NULL,NULL,'Foreign','Foreign used car, well maintained, original paint, hybrid,  call us for more info',NULL,'25','0','9','pending',0,'2023-05-12 16:09:40',NULL,NULL,NULL,NULL),
(280,146,NULL,9,11,206,NULL,NULL,'7US8GYAB',NULL,'2015','1000000',NULL,'Grey','98000','1200','Fabric','Petrol','Automatic',NULL,NULL,NULL,NULL,NULL,'Foreign','Well maintained car, foreign used, ready documents, call for more information.',NULL,'24','0','9','pending',0,'2023-05-12 16:22:10',NULL,NULL,NULL,NULL),
(281,146,NULL,9,11,206,NULL,NULL,'6ZYDQEDR',NULL,'2015','1000000',NULL,'Silver','81000','1200','Fabric','Petrol','Automatic',NULL,NULL,NULL,NULL,NULL,'Foreign','Foreign used car, well maintained, ready documents, original paint, push to start button.. call us for more information',NULL,'33','0','9','pending',0,'2023-05-12 16:33:06',NULL,NULL,NULL,NULL),
(282,146,NULL,9,2,41,NULL,NULL,'WEQECNE5',NULL,'2015','1100000',NULL,'Brown','78000','1200','Fabric','Petrol','Automatic',NULL,NULL,NULL,NULL,NULL,'Foreign','Foreign used car, well maintained, ready documents, call us for more info',NULL,'38','0','9','pending',0,'2023-05-12 16:45:30',NULL,NULL,NULL,NULL),
(283,118,NULL,NULL,1,836,NULL,NULL,'ABGRVFD4',NULL,'2009','865000',NULL,'Blue','148000','1500','Fabric','Petrol','Automatic',NULL,NULL,NULL,NULL,NULL,'Local','Toyota Allion Locally used, 1500cc, Well maintained and in excellent condition',NULL,'29','0','9','pending',0,'2023-05-17 09:51:48',NULL,NULL,NULL,NULL),
(284,153,NULL,1,1,8,NULL,NULL,'PQOLHDYC',NULL,'2016','3600000',NULL,'White','103256','2500','Fabric','Diesel','Manual',NULL,NULL,NULL,NULL,NULL,'Local','Toyota hilux dcab \r\n2016 model 2500cc \r\ndiesel manual \r\nwith both 4wd & difflock \r\n6 speed gear local assembly  \r\nPrice:3.699M',NULL,'34','0','9','pending',0,'2023-05-17 11:10:16',NULL,NULL,NULL,NULL),
(285,153,NULL,NULL,1,8,NULL,NULL,'JAD8GW9A',NULL,'2014','2450000',NULL,'White','112698','2500','Fabric','Diesel','Manual',NULL,NULL,NULL,NULL,NULL,'Local','Toyota hilux pickup\r\n2014 model 2500cc \r\ndiesel manual \r\n4wd local assembly \r\nfully loaded\r\nPrice: 2.45M',NULL,'37','0','9','pending',0,'2023-05-17 11:15:31',NULL,NULL,NULL,NULL),
(287,91,NULL,9,2,41,NULL,NULL,'LBAUUIN8',NULL,'2015','980000',NULL,'Silver','106343','1200','Fabric','Petrol','Automatic',NULL,NULL,NULL,NULL,NULL,'Foreign','Nissan Note 2015, Foreign used, 1200cc, Excellent condition, sparkling interior, Dent free and no accident history.\r\nBuy and drive',NULL,'27','0','9','pending',0,'2023-05-17 16:29:07',NULL,NULL,NULL,NULL),
(288,91,NULL,7,1,831,NULL,NULL,'IGTF49C2',NULL,'2016','1100000',NULL,'White','85000','1500','Fabric','Petrol','Automatic',NULL,NULL,NULL,NULL,NULL,'Foreign','Foreign used Toyota Probox 2016, 1500cc, low mileage, Excellent condition, clean and spacious interior, no accident history... contact us today or visit us at Carman Autos along Kiambu road',NULL,'37','0','9','pending',0,'2023-05-17 16:46:13',NULL,NULL,NULL,NULL),
(289,146,NULL,9,3,57,NULL,NULL,'ZOZSRUZA',NULL,'2015','1650000',NULL,'White','115000','1500','Fabric','Petrol','Automatic',NULL,NULL,NULL,NULL,NULL,'Foreign','Mazda Axela 2015,1500cc..well maintained and in excellent condition, no accident history, clean ?',NULL,'41','0','9','pending',0,'2023-05-17 17:06:01',NULL,NULL,NULL,NULL),
(290,91,NULL,9,3,50,NULL,NULL,'3AONWIZQ',NULL,'2015','1100000',NULL,'White','94450','1200','Fabric','Petrol','Automatic',NULL,NULL,NULL,NULL,NULL,'Foreign','Mazda Demio 2015, cc1200, skyactive technology, Large trunk space, comfortable and clean interior, well maintained with no accident history.. contact us on 0716213493 or visit us at Carman Autos along Kiambu Road to view.',NULL,'47','0','9','pending',0,'2023-05-18 09:38:11',NULL,NULL,NULL,NULL),
(291,91,NULL,9,11,206,NULL,NULL,'FNFSEHJJ',NULL,'2015','980000',NULL,'Black','120000','1300','Fabric','Petrol','Automatic',NULL,NULL,NULL,NULL,NULL,'Foreign','Suzuki swift 2015, Foreign used, compact yet spacious, fuel efficient,high ground clearance.',NULL,'38','0','9','pending',0,'2023-05-18 10:03:09',NULL,NULL,NULL,NULL),
(292,91,NULL,9,11,206,NULL,NULL,'OERSU4H8',NULL,'2015','980000',NULL,'Grey','115700','1300','Fabric','Petrol','Automatic',NULL,NULL,NULL,NULL,NULL,'Foreign','Suzuki swift 2015, Foreign used, compact yet spacious, fuel efficient,high ground clearance, Excellent condition.',NULL,'42','0','9','pending',0,'2023-05-18 10:09:44',NULL,NULL,NULL,NULL),
(293,91,NULL,9,11,206,NULL,NULL,'TSYHUSMD',NULL,'2015','980000',NULL,'White','103000','1300','Fabric','Petrol','Automatic',NULL,NULL,NULL,NULL,NULL,'Foreign','Suzuki swift 2015, Foreign used, 1300cc, In Excellent condition, fuel efficient, comfortable and spacious..call us today for viewing or visit us at kiambu road Carman Autos.',NULL,'47','0','9','pending',0,'2023-05-18 10:42:36',NULL,NULL,NULL,NULL),
(294,146,NULL,14,2,861,NULL,NULL,'IZZCDKL2',NULL,'2015','750000',NULL,'Maroon','72067','660','Fabric','Petrol','Automatic',NULL,NULL,NULL,NULL,NULL,'Foreign','Foreign used',NULL,'20','0','9','pending',0,'2023-05-29 15:20:29',NULL,NULL,NULL,NULL),
(296,146,NULL,9,1,843,NULL,NULL,'UCFDG5WE',NULL,'2015','900000',NULL,'Black','107000','1000','Fabric','Petrol','Automatic',NULL,NULL,NULL,NULL,NULL,'Foreign','Toyota passo, cc 1000, clean interior, well maintained, original parts, fuel efficient.',NULL,'16','0','9','pending',0,'2023-05-29 15:39:25',NULL,NULL,NULL,NULL),
(297,146,NULL,14,11,846,NULL,NULL,'YPL7PJS4',NULL,'2015','800000',NULL,'Black','75000','650','Fabric','Petrol','Automatic',NULL,NULL,NULL,NULL,NULL,'Foreign','Foreign used Suzuki Wagon, spacious and comfortable, well maintained.',NULL,'13','0','9','pending',0,'2023-05-29 15:50:01',NULL,NULL,NULL,NULL),
(298,91,NULL,9,2,41,NULL,NULL,'1LQRMTAT',NULL,'2015','980000',NULL,'White',NULL,'1200','Fabric','Petrol','Automatic',NULL,NULL,NULL,NULL,NULL,'Foreign','Nissan Note Dig S, 2015, cc1200 Excellent condition.\r\nCall us today to enquire or visit along Kiambu Rd at Carman Autos.',NULL,'25','0','9','pending',0,'2023-05-29 16:02:46',NULL,NULL,NULL,NULL),
(299,91,NULL,7,16,331,NULL,NULL,'WCTVN15J',NULL,'2015','850000',NULL,'White','102500','650','Fabric','Petrol','Automatic',NULL,NULL,NULL,NULL,NULL,'Foreign','Dihatsu move, five door, Clean, spacious and comfortable, well maintained.',NULL,'21','0','9','pending',0,'2023-05-29 16:14:28',NULL,NULL,NULL,NULL),
(302,91,NULL,9,3,53,NULL,NULL,'R7BZR8WE',NULL,'2015','1050000',NULL,'Red','78000','1500','Fabric','Petrol','Automatic',NULL,NULL,NULL,NULL,NULL,'Foreign','Clean and well maintained Mazda Verisa 1500cc',NULL,'15','0','9','pending',0,'2023-05-29 16:51:39',NULL,NULL,NULL,NULL),
(303,91,NULL,9,2,861,NULL,NULL,'BZ3C9DR6',NULL,'2015','810000',NULL,'Silver','86000','650','Fabric','Petrol','Automatic',NULL,NULL,NULL,NULL,NULL,'Foreign','Clean, comfortable and spacious, well maintained Nissan Dayz 2015 650cc\r\nFind us at kiambu road Carman Autos or get in touch with us to arrange a viewing.',NULL,'20','0','9','pending',0,'2023-05-29 17:04:35',NULL,NULL,NULL,NULL),
(304,91,NULL,9,52,898,NULL,NULL,'1QVMGV9C',NULL,'2015','890000',NULL,'Silver','63000','1000','Fabric','Petrol','Automatic',NULL,NULL,NULL,NULL,NULL,'Foreign','Mitsubishi Mirage 1000cc, Foreign used, Clean and well maintained.',NULL,'22','0','9','pending',0,'2023-05-29 17:35:00',NULL,NULL,NULL,NULL),
(305,91,NULL,9,6,928,NULL,NULL,'FN7THAIX',NULL,'2015','1450000',NULL,'Silver','86000','1500','Fabric','Petrol','Automatic',NULL,NULL,NULL,NULL,NULL,'Foreign','Honda grace 2015cc clean and well maintained.',NULL,'18','0','9','pending',0,'2023-05-29 17:58:28',NULL,NULL,NULL,NULL),
(306,91,NULL,9,1,882,NULL,NULL,'IXOOEYW1',NULL,'2015','1100000',NULL,'Black','97000','1500','Fabric','Petrol','Automatic',NULL,NULL,NULL,NULL,NULL,'Foreign','Toyota Spade 2015, cc1500, very spacious, comfortable, clean and well maintained.',NULL,'25','0','9','pending',0,'2023-05-30 08:36:43',NULL,NULL,NULL,NULL),
(307,91,NULL,9,2,41,NULL,NULL,'5WDPL7TM',NULL,'2015','960000',NULL,'Blue','94000','1200','Fabric','Petrol','Automatic',NULL,NULL,NULL,NULL,NULL,'Foreign','Nissan Note 2015, cc1500,',NULL,'37','0','9','pending',0,'2023-05-30 09:47:03',NULL,NULL,NULL,NULL),
(309,177,NULL,9,2,41,NULL,NULL,'BXIOZL9N',NULL,'2016','1230000',NULL,'Grey',NULL,'1200','Fabric','Petrol','Automatic',NULL,NULL,NULL,NULL,NULL,'Foreign','Ready documents \r\nCash or Financing accepted',NULL,'20','0','9','pending',0,'2023-05-30 14:32:31',NULL,NULL,NULL,NULL),
(310,175,NULL,8,1,843,NULL,NULL,'QZ7TMTIS',NULL,'2011','2011',NULL,'White','146000','1000','Fabric','Petrol','Automatic',NULL,NULL,NULL,NULL,NULL,'Local','Toyota Passo make 2011 595,000KES ONLY!!',NULL,'29','0','9','pending',0,'2023-05-30 14:34:55',NULL,NULL,NULL,NULL),
(312,183,NULL,1,12,214,NULL,NULL,'FUAKFPTV',NULL,'2014','2300000',NULL,'Black','85000','2000','Fabric','Petrol','Automatic',NULL,NULL,NULL,NULL,NULL,'Local','Subaru Forester XT.  Y.O.M 2014 .. ready documents buy drive',NULL,'29','0','9','pending',0,'2023-05-30 16:03:09',NULL,NULL,NULL,NULL),
(313,81,NULL,8,1,869,NULL,NULL,'AEYFJTA1',NULL,'2000','350000',NULL,'White','365000','1500','Fabric','Petrol','Automatic',NULL,NULL,NULL,NULL,NULL,'Local','Locally used car,well maintained,ready documents,call us for more information',NULL,'18','0','9','pending',0,'2023-05-31 09:46:04',NULL,NULL,NULL,NULL),
(314,81,NULL,8,1,869,NULL,NULL,'0SOTBKSS',NULL,'2003','550000',NULL,'White','185000','1500','Fabric','Petrol','Automatic',NULL,NULL,NULL,NULL,NULL,'Local','Locally used car, well maintained, ready documents,call us for more information.',NULL,'25','0','9','pending',0,'2023-05-31 10:05:27',NULL,NULL,NULL,NULL),
(315,81,NULL,9,1,941,NULL,NULL,'BKYVGKHW',NULL,'2005','450000',NULL,'White','194000','2000','Fabric','Petrol','Automatic',NULL,NULL,NULL,NULL,NULL,'Local','Locally used,well maintained,ready documents,call us for more information',NULL,'29','0','9','pending',0,'2023-05-31 10:24:14',NULL,NULL,NULL,NULL),
(316,81,NULL,14,2,849,NULL,NULL,'N15KEUZZ',NULL,'2008','380000',NULL,'White','205000','1500','Fabric','Petrol','Automatic',NULL,NULL,NULL,NULL,NULL,'Local','Locally used car,well maintained, buy and drive,call us for more information',NULL,'20','0','9','pending',0,'2023-05-31 10:32:26',NULL,NULL,NULL,NULL),
(317,81,NULL,8,1,869,NULL,NULL,'OXFNUULD',NULL,'2002','307000',NULL,'Beige','347000','1500','Fabric','Petrol','Automatic',NULL,NULL,NULL,NULL,NULL,'Local','Well maintained car,ready documents,',NULL,'32','0','9','pending',0,'2023-05-31 10:38:54',NULL,NULL,NULL,NULL),
(318,185,NULL,NULL,1,15,NULL,NULL,'TMKW2SAP',NULL,'2015','5900000',NULL,'Blue',NULL,'4500','Leather','Petrol','Manual',NULL,NULL,NULL,NULL,NULL,'Local','Toyota land cruiser 5door manual ex embassy, very clean with original parts,',NULL,'35','0','9','pending',0,'2023-05-31 14:14:37',NULL,NULL,NULL,NULL),
(319,184,NULL,NULL,15,306,NULL,NULL,'YUQTMHYL',NULL,'2021','25000000',NULL,'Green','2000','3000','Leather','Diesel','Automatic',NULL,NULL,NULL,NULL,NULL,'New','Land Rover Defender 110,,,New as shown,,Leather seats,,sunroof,,,Jungle Green in colour,,,Slightly Negotiable\r\nTrade in Accepted...\r\nCall ask for more information.',NULL,'46','0','9','pending',0,'2023-05-31 14:23:38',NULL,NULL,NULL,NULL),
(320,186,NULL,1,51,487,NULL,NULL,'7BOGPLCS',NULL,'2015','4900000',NULL,'White','87000','3600','Leather','Diesel','Automatic',NULL,NULL,NULL,NULL,NULL,'Local','Clean as good as new, with double sunroof',NULL,'32','0','9','pending',0,'2023-05-31 14:29:08',NULL,NULL,NULL,NULL),
(322,81,NULL,9,1,21,NULL,NULL,'MJUB7VCB',NULL,'2000','370000',NULL,'White','301000','1300','Fabric','Petrol','Automatic',NULL,NULL,NULL,NULL,NULL,'Local','Locally used car,well maintained,ready documents,call us for more information',NULL,'29','0','9','pending',0,'2023-05-31 17:57:00',NULL,NULL,NULL,NULL),
(323,81,NULL,14,2,858,NULL,NULL,'DHNTXSDM',NULL,'2009','400000',NULL,'White','418000','1600','Fabric','Petrol','Automatic',NULL,NULL,NULL,NULL,NULL,'Local','Well maintained,locally used,call us for more information',NULL,'23','0','9','pending',0,'2023-05-31 18:06:04',NULL,NULL,NULL,NULL),
(324,81,NULL,NULL,8,144,NULL,NULL,'RS1L6P06',NULL,'2015','1800000',NULL,'White','63000','2500','Fabric','Diesel','Automatic',NULL,NULL,NULL,NULL,NULL,'Local','Isuzu KDD, first ownership, well maintained, ready documents, buy and drive.',NULL,'31','0','9','pending',0,'2023-06-02 09:56:58',NULL,NULL,NULL,NULL),
(325,81,NULL,9,1,837,NULL,NULL,'IQAA3XOB',NULL,'2011','650000',NULL,'Black','165000','1800','Other','Petrol','Automatic',NULL,NULL,NULL,NULL,NULL,'Local','Toyota Prius 2011, cc1800, price is negotiable',NULL,'39','0','9','pending',0,'2023-06-02 10:08:59',NULL,NULL,NULL,NULL),
(326,91,NULL,9,1,21,NULL,NULL,'R5AUN8AP',NULL,'2015','1050000',NULL,'Silver','68000','1000','Fabric','Petrol','Automatic',NULL,NULL,NULL,NULL,NULL,'Foreign','Toyota Vitz 2015, 1000cc, clean, well maintained and in excellent condition. Price is negotiable',NULL,'37','0','9','pending',0,'2023-06-02 10:28:16',NULL,NULL,NULL,NULL),
(327,91,NULL,1,2,41,NULL,NULL,'N9DMLOWK',NULL,'2015','980000',NULL,'Silver','79000','1200','Fabric','Petrol','Automatic',NULL,NULL,NULL,NULL,NULL,'Foreign','Nissan note Dig-s 2015, Clean and well maintained.',NULL,'42','0','9','pending',0,'2023-06-02 10:56:23',NULL,NULL,NULL,NULL),
(328,189,NULL,8,1,10,NULL,NULL,'BFDLD9QG',NULL,'2012','1000000',NULL,'Silver','130000','1500','Fabric','Petrol','Automatic',NULL,NULL,NULL,NULL,NULL,'Local','Locally used, micro finance acceptable, trade in acceptable',NULL,'50','0','9','pending',0,'2023-06-02 13:57:06',NULL,NULL,NULL,NULL),
(329,91,NULL,9,3,57,NULL,NULL,'EJ2SRJ2L',NULL,'2016','2000000',NULL,'Dark Blue','9000','2000','Leather','Petrol','Automatic',NULL,NULL,NULL,NULL,NULL,'New','Mazda Axela 2016, 2000cc, exceptional performance, clean interior, comfortable and spacious, cup holders, fog lights, keyless entry.',NULL,'50','0','9','pending',0,'2023-06-02 16:37:33',NULL,NULL,NULL,NULL),
(331,188,NULL,1,12,224,NULL,NULL,'KXVFXFE0',NULL,'2015','2200000',NULL,'Orange','84145','2000','Fabric','Petrol','Automatic',NULL,NULL,NULL,NULL,NULL,'Foreign','Foreign used car,in good condition,ready documents,call us for more information',NULL,'37','0','9','pending',0,'2023-06-06 10:26:40',NULL,NULL,NULL,NULL),
(332,188,NULL,NULL,12,217,NULL,NULL,'AODKJ0MR',NULL,'2015','2500000',NULL,'Black','45493','2000','Leather','Petrol','Automatic',NULL,NULL,NULL,NULL,NULL,'Foreign','Foreign used car, in good condition,ready documents call us for more information',NULL,'22','0','9','pending',0,'2023-06-06 10:41:25',NULL,NULL,NULL,NULL),
(333,188,NULL,1,3,48,NULL,NULL,'CFGHQ3M4',NULL,'2014','1750000',NULL,'Red','83338','2000','Fabric','Diesel','Automatic',NULL,NULL,NULL,NULL,NULL,'Local','Mazda CX-5 in excellent condition ?.. Contact us today to arrange for a viewing.',NULL,'25','0','9','pending',0,'2023-06-06 10:52:44',NULL,NULL,NULL,NULL),
(335,188,NULL,9,16,327,NULL,NULL,'HJTUGYSO',NULL,'2015','750000',NULL,'Purple','75496','650','Fabric','Petrol','Automatic',NULL,NULL,NULL,NULL,NULL,'Foreign','Foreign used Dihatsu Mira 2015, cc650, Well maintained and in excellent condition with clean interior and exterior. Contact us today to arrange for a viewing',NULL,'19','0','9','pending',0,'2023-06-06 11:15:53',NULL,NULL,NULL,NULL),
(336,188,NULL,9,11,846,NULL,NULL,'QJFBAHME',NULL,'2014','790000',NULL,'Silver','33555','650','Fabric','Petrol','Automatic',NULL,NULL,NULL,NULL,NULL,'Local','Clean and comfortable, well maintained and in excellent condition...buy today',NULL,'19','0','9','pending',0,'2023-06-06 11:54:58',NULL,NULL,NULL,NULL),
(337,188,NULL,9,2,41,NULL,NULL,'VLPCWVDE',NULL,'2014','1070000',NULL,'Black','145000','1200','Fabric','Petrol','Automatic',NULL,NULL,NULL,NULL,NULL,'Foreign','Nissan Note 2014, Foreign used, good condition, clean interior, no dents, no accident history, original parts.Documents ready and available. Contact us today.',NULL,'22','0','9','pending',0,'2023-06-06 12:30:15',NULL,NULL,NULL,NULL),
(338,188,NULL,9,6,833,NULL,NULL,'Q1IEPJDI',NULL,'2011','650000',NULL,'White','137600','1300','Fabric','Petrol','Automatic',NULL,NULL,NULL,NULL,NULL,'Local','Locally used Honda Fit, 1300cc, Well maintained and in good condition.',NULL,'31','0','9','pending',0,'2023-06-06 12:42:08',NULL,NULL,NULL,NULL),
(339,188,NULL,NULL,7,128,NULL,NULL,'IFWJKOAS',NULL,'2015','2450000',NULL,'White','94133','2500','Other','Diesel','Automatic',NULL,NULL,NULL,NULL,NULL,'Local','Ford Ranger, 2500cc diesel power engine, 4WD. Well maintained',NULL,'29','0','9','pending',0,'2023-06-06 13:02:29',NULL,NULL,NULL,NULL),
(340,146,NULL,9,3,942,NULL,NULL,'YMH0N5UZ',NULL,'2016','800000',NULL,'Other','65000','650','Fabric','Petrol','Automatic',NULL,NULL,NULL,NULL,NULL,'Foreign','Clean, comfortable and Spacious.',NULL,'48','0','9','pending',0,'2023-06-09 13:11:19',NULL,NULL,NULL,NULL),
(341,146,NULL,9,2,861,NULL,NULL,'EU0UUP9W',NULL,'2015','850000',NULL,'Black','74000','650','Fabric','Petrol','Automatic',NULL,NULL,NULL,NULL,NULL,'Foreign','Clean, well maintained, comfortable, spacious, fuel efficient..Call us today to arrange for viewing',NULL,'44','0','9','pending',0,'2023-06-09 13:31:18',NULL,NULL,NULL,NULL),
(342,146,NULL,9,1,863,NULL,NULL,'B2PZPTBH',NULL,'2016','1250000',NULL,'Silver','105000','1500','Fabric','Petrol','Automatic',NULL,NULL,NULL,NULL,NULL,'Foreign','Foreign used Toyota Aqua, 2016 model, clean,comfortable interior, keyless entry, cup holders, Xenon lights, fuel efficient.',NULL,'29','0','9','pending',0,'2023-06-12 10:06:15',NULL,NULL,NULL,NULL),
(344,91,NULL,9,6,833,NULL,NULL,'SSK08YOS',NULL,'2015','1250000',NULL,'Red','8500','1300','Fabric','Petrol','Automatic',NULL,NULL,NULL,NULL,NULL,'Foreign','Honda Fit, new shape, 2015, KDM Registration, Fully loaded vehicle.',NULL,'33','0','9','pending',0,'2023-06-12 11:04:23',NULL,NULL,NULL,NULL),
(345,91,NULL,7,6,833,NULL,NULL,'WKUEBJCF',NULL,'2015','1580000',NULL,'White','96000','1500','Fabric','Petrol','Automatic',NULL,NULL,NULL,NULL,NULL,'Foreign','Honda Shuttle, 2016 model, Excellent features, designed to give you comfort, ample trunk space, clean interior, no accident history.',NULL,'36','0','9','pending',0,'2023-06-12 17:24:07',NULL,NULL,NULL,NULL),
(346,194,NULL,14,1,840,NULL,NULL,'K8X7MZRU',NULL,'2007','600000',NULL,'White','300000','2000','Leather','Petrol','Automatic',NULL,NULL,NULL,NULL,NULL,'Local','Toyota voxy for sale. Well maintained. Location, Kisumu. Yom, 2007. Engine capacity, 2000cc. Price 6000k, negotiable. Call/text 0720043697',NULL,'26','0','9','pending',0,'2023-06-16 20:17:07',NULL,NULL,NULL,NULL),
(347,198,NULL,NULL,52,894,NULL,NULL,'QRGR0AVD',NULL,'2021','1250000',NULL,'Blue','149700','2350','Fabric','Petrol','Automatic',NULL,NULL,NULL,NULL,NULL,'Local','Mitsubishi Outlander \r\n2007 model\r\n2350cc petrol \r\nAutomatic transmission \r\nFabric interior \r\n5 seater \r\n4wd optional\r\nWell Maintained\r\nOriginal paint \r\nKeyless entry',NULL,'7','0','9','pending',0,'2023-06-25 23:53:48',NULL,NULL,NULL,NULL),
(348,180,NULL,7,12,845,NULL,NULL,'XDQKSNGK',NULL,'2005','890000',NULL,'Silver','145000','2500','Leather','Petrol','Automatic',NULL,NULL,NULL,NULL,NULL,'Local','SELLING THIS SUBARU OUTBACK //2006 // 2.5l non turbo//  LOW MILES // ONE OWNER //ORIGINAL PAINT// BEIGE LEATHER INTERIOR //890,000// 0756747337\r\nTRADE-IN ACCEPTED',NULL,'5','0','9','pending',0,'2023-06-26 12:59:11',NULL,NULL,NULL,NULL),
(349,180,NULL,1,52,895,NULL,NULL,'JAIXZYV8',NULL,'2004','780000',NULL,'Green','163000','2300','Leather','Petrol','Manual',NULL,NULL,NULL,NULL,NULL,'Local','VERY MINT CONDITION; BUY AND DRIVE, EXECUTIVE PAINTING, ACCIDENT-FREE, NEW TYRES ALL ROUND',NULL,'7','0','9','pending',0,'2023-06-26 13:11:14',NULL,NULL,NULL,NULL),
(350,199,NULL,9,2,41,NULL,NULL,'U4IGGXWU',NULL,'2016','1000000',NULL,'Silver','54000','1200','Fabric','Petrol','Automatic',NULL,NULL,NULL,NULL,NULL,'Foreign','Nissan note 1.2 2016',NULL,'7','0','9','pending',0,'2023-06-26 19:57:21',NULL,NULL,NULL,NULL),
(351,199,NULL,9,2,41,NULL,NULL,'CC5TNN8V',NULL,'2016','1000000',NULL,'Grey','111000','1200','Fabric','Petrol','Automatic',NULL,NULL,NULL,NULL,NULL,'Foreign','Nissan note x package',NULL,'17','0','9','pending',0,'2023-06-26 20:43:20',NULL,NULL,NULL,NULL);


DROP TABLE IF EXISTS `vehicle_feature`;

CREATE TABLE `vehicle_feature` (
    `id` bigint(20) unsigned NOT NULL AUTO_INCREMENT,
    `user_id` bigint(20) unsigned DEFAULT NULL,
    `vehicle_id` bigint(20) unsigned NOT NULL,
    `feature_id` bigint(20) unsigned NOT NULL,
    PRIMARY KEY (`id`),
    KEY `vehicle_feature_user_id_foreign` (`user_id`),
    KEY `vehicle_feature_vehicle_id_foreign` (`vehicle_id`),
    KEY `vehicle_feature_feature_id_foreign` (`feature_id`),
    CONSTRAINT `vehicle_feature_feature_id_foreign` FOREIGN KEY (`feature_id`) REFERENCES `features` (`id`),
    CONSTRAINT `vehicle_feature_user_id_foreign` FOREIGN KEY (`user_id`) REFERENCES `users` (`id`),
    CONSTRAINT `vehicle_feature_vehicle_id_foreign` FOREIGN KEY (`vehicle_id`) REFERENCES `vehicles` (`id`) ON DELETE CASCADE
) ENGINE = InnoDB AUTO_INCREMENT = 8346 DEFAULT CHARSET = utf8mb4 COLLATE = utf8mb4_unicode_ci;

insert  into `vehicle_feature`(`vehicle_id`,`feature_id`) values
(68,2),
(68,3),
(68,4),
(68,5),
(68,30),
(68,8),
(68,10),
(68,11),
(68,17),
(68,22),
(68,24),
(68,22),
(73,31),
(73,2),
(73,3),
(73,4),
(73,5),
(73,30),
(73,8),
(73,14),
(73,15),
(73,22),
(73,24),
(73,22),
(75,3),
(75,5),
(75,7),
(75,30),
(75,24),
(75,22),
(78,31),
(78,22),
(79,3),
(79,5),
(79,30),
(79,22),
(83,2),
(83,3),
(83,12),
(83,24),
(83,22),
(88,31),
(88,2),
(88,3),
(88,5),
(88,9),
(88,10),
(88,12),
(88,16),
(88,17),
(88,18),
(88,19),
(88,24),
(88,22),
(89,31),
(89,2),
(89,3),
(89,4),
(89,5),
(89,6),
(89,30),
(89,16),
(89,17),
(89,19),
(89,24),
(89,22),
(90,2),
(90,3),
(90,5),
(90,7),
(90,9),
(90,12),
(90,16),
(90,17),
(90,18),
(90,24),
(90,22),
(91,2),
(91,3),
(91,5),
(91,7),
(91,9),
(91,10),
(91,12),
(91,16),
(91,17),
(91,18),
(91,19),
(91,24),
(91,22),
(92,2),
(92,3),
(92,5),
(92,7),
(92,9),
(92,13),
(92,16),
(92,17),
(92,18),
(92,19),
(92,24),
(92,22),
(93,2),
(93,3),
(93,16),
(93,17),
(93,18),
(93,24),
(93,22),
(94,2),
(94,3),
(94,4),
(94,5),
(94,8),
(94,9),
(94,12),
(94,13),
(94,15),
(94,16),
(94,17),
(94,18),
(94,19),
(94,22),
(94,24),
(94,22),
(95,2),
(95,3),
(95,5),
(95,7),
(95,30),
(95,9),
(95,15),
(95,16),
(95,17),
(95,18),
(95,19),
(95,24),
(95,22),
(96,3),
(96,5),
(96,7),
(96,9),
(96,16),
(96,17),
(96,18),
(96,19),
(96,24),
(96,22),
(99,2),
(99,3),
(99,5),
(99,9),
(99,12),
(99,13),
(99,15),
(99,16),
(99,17),
(99,18),
(99,19),
(99,22),
(99,24),
(99,22),
(100,2),
(100,3),
(100,4),
(100,5),
(100,6),
(100,7),
(100,30),
(100,9),
(100,11),
(100,12),
(100,13),
(100,14),
(100,16),
(100,17),
(100,18),
(100,21),
(100,23),
(100,24),
(100,27),
(100,22),
(101,2),
(101,3),
(101,4),
(101,6),
(101,30),
(101,8),
(101,9),
(101,12),
(101,13),
(101,15),
(101,16),
(101,17),
(101,18),
(101,19),
(101,23),
(101,24),
(101,27),
(101,22),
(103,31),
(103,2),
(103,3),
(103,4),
(103,5),
(103,30),
(103,8),
(103,9),
(103,10),
(103,11),
(103,12),
(103,13),
(103,15),
(103,16),
(103,17),
(103,18),
(103,19),
(103,24),
(103,26),
(103,27),
(103,22),
(104,31),
(104,2),
(104,3),
(104,4),
(104,5),
(104,7),
(104,30),
(104,9),
(104,10),
(104,11),
(104,12),
(104,13),
(104,16),
(104,17),
(104,18),
(104,19),
(104,20),
(104,23),
(104,24),
(104,26),
(104,27),
(104,22),
(105,31),
(105,2),
(105,3),
(105,4),
(105,5),
(105,30),
(105,10),
(105,12),
(105,13),
(105,14),
(105,15),
(105,16),
(105,17),
(105,18),
(105,19),
(105,23),
(105,24),
(105,27),
(105,22),
(106,2),
(106,3),
(106,4),
(106,5),
(106,7),
(106,30),
(106,8),
(106,9),
(106,10),
(106,11),
(106,12),
(106,13),
(106,15),
(106,16),
(106,17),
(106,18),
(106,19),
(106,24),
(106,22),
(107,31),
(107,3),
(107,4),
(107,5),
(107,7),
(107,30),
(107,8),
(107,17),
(107,19),
(107,24),
(107,22),
(109,3),
(109,5),
(109,17),
(109,19),
(109,22),
(109,24),
(109,22),
(110,2),
(110,3),
(110,5),
(110,7),
(110,30),
(110,8),
(110,9),
(110,13),
(110,15),
(110,16),
(110,17),
(110,18),
(110,19),
(110,24),
(110,22),
(112,31),
(112,2),
(112,3),
(112,4),
(112,7),
(112,8),
(112,9),
(112,10),
(112,12),
(112,13),
(112,15),
(112,16),
(112,17),
(112,18),
(112,19),
(112,24),
(112,27),
(112,22),
(115,2),
(115,3),
(115,4),
(115,5),
(115,7),
(115,30),
(115,8),
(115,10),
(115,16),
(115,17),
(115,18),
(115,19),
(115,23),
(115,24),
(115,22),
(116,31),
(116,3),
(116,4),
(116,6),
(116,8),
(116,14),
(116,17),
(116,22),
(116,23),
(116,22),
(117,31),
(117,2),
(117,3),
(117,4),
(117,5),
(117,9),
(117,10),
(117,11),
(117,12),
(117,18),
(117,19),
(117,20),
(117,21),
(117,23),
(117,25),
(117,26),
(117,27),
(117,22),
(118,31),
(118,2),
(118,3),
(118,4),
(118,8),
(118,10),
(118,11),
(118,13),
(118,16),
(118,18),
(118,19),
(118,23),
(118,24),
(118,25),
(118,26),
(118,27),
(118,22),
(119,31),
(119,2),
(119,3),
(119,4),
(119,8),
(119,9),
(119,10),
(119,11),
(119,17),
(119,18),
(119,19),
(119,20),
(119,23),
(119,25),
(119,26),
(119,27),
(119,22),
(120,31),
(120,2),
(120,3),
(120,4),
(120,8),
(120,9),
(120,10),
(120,11),
(120,21),
(120,22),
(120,23),
(120,24),
(120,25),
(120,27),
(120,22),
(125,31),
(125,2),
(125,3),
(125,4),
(125,6),
(125,8),
(125,10),
(125,13),
(125,15),
(125,16),
(125,18),
(125,20),
(125,21),
(125,27),
(125,22),
(126,31),
(126,2),
(126,3),
(126,30),
(126,16),
(126,17),
(126,19),
(126,22),
(126,24),
(126,22),
(127,31),
(127,2),
(127,3),
(127,5),
(127,30),
(127,22),
(128,2),
(128,3),
(128,5),
(128,30),
(128,19),
(128,20),
(128,24),
(128,22),
(129,2),
(129,3),
(129,4),
(129,5),
(129,7),
(129,30),
(129,17),
(129,18),
(129,19),
(129,20),
(129,21),
(129,23),
(129,24),
(129,22),
(130,2),
(130,4),
(130,5),
(130,30),
(130,9),
(130,11),
(130,14),
(130,16),
(130,17),
(130,19),
(130,20),
(130,22),
(131,31),
(131,2),
(131,3),
(131,4),
(131,5),
(131,8),
(131,9),
(131,12),
(131,13),
(131,15),
(131,16),
(131,17),
(131,18),
(131,19),
(131,23),
(131,24),
(131,27),
(131,22),
(132,31),
(132,2),
(132,3),
(132,4),
(132,5),
(132,6),
(132,7),
(132,9),
(132,10),
(132,13),
(132,15),
(132,16),
(132,17),
(132,18),
(132,19),
(132,23),
(132,24),
(132,27),
(132,22),
(133,31),
(133,2),
(133,3),
(133,4),
(133,6),
(133,30),
(133,8),
(133,10),
(133,22),
(134,31),
(134,3),
(134,8),
(134,10),
(134,17),
(134,22),
(134,22),
(135,31),
(135,3),
(135,5),
(135,24),
(135,22),
(136,2),
(136,3),
(136,5),
(136,30),
(136,16),
(136,17),
(136,24),
(136,22),
(137,3),
(137,5),
(137,8),
(137,10),
(137,11),
(137,12),
(137,24),
(137,22),
(138,3),
(138,4),
(138,5),
(138,8),
(138,12),
(138,16),
(138,17),
(138,19),
(138,24),
(138,22),
(139,2),
(139,3),
(139,4),
(139,7),
(139,13),
(139,16),
(139,17),
(139,18),
(139,19),
(139,24),
(139,22),
(140,2),
(140,3),
(140,4),
(140,5),
(140,13),
(140,24),
(140,22),
(141,2),
(141,3),
(141,5),
(141,7),
(141,13),
(141,24),
(141,22),
(142,2),
(142,3),
(142,4),
(142,5),
(142,7),
(142,13),
(142,24),
(142,27),
(142,22),
(143,2),
(143,3),
(143,4),
(143,5),
(143,7),
(143,9),
(143,13),
(143,15),
(143,16),
(143,17),
(143,19),
(143,22),
(143,24),
(143,22),
(144,2),
(144,3),
(144,4),
(144,5),
(144,22),
(145,31),
(145,2),
(145,3),
(145,7),
(145,22),
(146,2),
(146,3),
(146,4),
(146,5),
(146,8),
(146,9),
(146,10),
(146,12),
(146,15),
(146,16),
(146,17),
(146,18),
(146,19),
(146,20),
(146,21),
(146,22),
(146,24),
(146,27),
(146,22),
(147,3),
(147,4),
(147,5),
(147,30),
(147,13),
(147,16),
(147,17),
(147,18),
(147,19),
(147,24),
(147,27),
(147,22),
(149,2),
(149,3),
(149,4),
(149,5),
(149,30),
(149,8),
(149,13),
(149,16),
(149,17),
(149,19),
(149,24),
(149,27),
(149,22),
(150,2),
(150,3),
(150,5),
(150,30),
(150,13),
(150,16),
(150,17),
(150,19),
(150,21),
(150,22),
(150,24),
(150,22),
(151,2),
(151,3),
(151,4),
(151,5),
(151,7),
(151,30),
(151,9),
(151,12),
(151,16),
(151,17),
(151,19),
(151,21),
(151,22),
(151,24),
(151,26),
(151,27),
(151,22),
(152,3),
(152,5),
(152,7),
(152,30),
(152,17),
(152,19),
(152,24),
(152,22),
(153,5),
(153,24),
(153,22),
(154,31),
(154,2),
(154,3),
(154,4),
(154,5),
(154,6),
(154,7),
(154,30),
(154,9),
(154,10),
(154,12),
(154,13),
(154,15),
(154,16),
(154,17),
(154,19),
(154,22),
(154,24),
(154,27),
(154,22),
(155,31),
(155,2),
(155,3),
(155,4),
(155,5),
(155,6),
(155,7),
(155,30),
(155,8),
(155,9),
(155,13),
(155,16),
(155,18),
(155,19),
(155,21),
(155,22),
(155,24),
(155,27),
(155,22),
(156,31),
(156,2),
(156,3),
(156,4),
(156,5),
(156,7),
(156,30),
(156,8),
(156,16),
(156,17),
(156,19),
(156,21),
(156,24),
(156,27),
(156,22),
(157,2),
(157,3),
(157,4),
(157,5),
(157,6),
(157,7),
(157,30),
(157,8),
(157,15),
(157,16),
(157,18),
(157,20),
(157,27),
(157,22),
(158,3),
(158,5),
(158,30),
(158,17),
(158,19),
(158,24),
(158,22),
(160,5),
(160,7),
(160,24),
(160,22),
(161,2),
(161,3),
(161,4),
(161,5),
(161,7),
(161,8),
(161,16),
(161,17),
(161,27),
(161,22),
(162,31),
(162,2),
(162,3),
(162,12),
(162,13),
(162,14),
(162,20),
(162,21),
(162,22),
(163,31),
(163,2),
(163,3),
(163,4),
(163,8),
(163,9),
(163,11),
(163,14),
(163,19),
(163,20),
(163,21),
(163,26),
(163,27),
(163,22),
(209,2),
(209,4),
(209,5),
(209,6),
(209,7),
(209,30),
(209,8),
(209,17),
(209,22),
(209,27),
(209,22),
(211,3),
(211,5),
(211,7),
(211,24),
(211,22),
(212,2),
(212,3),
(212,4),
(212,5),
(212,7),
(212,30),
(212,8),
(212,9),
(212,10),
(212,32),
(212,15),
(212,16),
(212,17),
(212,19),
(212,24),
(212,27),
(212,22),
(214,31),
(214,2),
(214,4),
(214,5),
(214,6),
(214,30),
(214,8),
(214,11),
(214,15),
(214,16),
(214,17),
(214,18),
(214,24),
(214,25),
(214,22),
(215,31),
(215,2),
(215,3),
(215,5),
(215,6),
(215,7),
(215,8),
(215,9),
(215,32),
(215,22),
(216,2),
(216,4),
(216,5),
(216,6),
(216,7),
(216,30),
(216,8),
(216,32),
(216,16),
(216,17),
(216,18),
(216,19),
(216,27),
(216,22),
(217,2),
(217,3),
(217,4),
(217,5),
(217,7),
(217,30),
(217,8),
(217,32),
(217,16),
(217,17),
(217,24),
(217,27),
(217,22),
(218,2),
(218,4),
(218,5),
(218,7),
(218,30),
(218,8),
(218,10),
(218,16),
(218,17),
(218,27),
(218,22),
(219,31),
(219,2),
(219,3),
(219,4),
(219,5),
(219,7),
(219,30),
(219,8),
(219,9),
(219,32),
(219,16),
(219,17),
(219,19),
(219,24),
(219,27),
(219,22),
(221,31),
(221,2),
(221,3),
(221,4),
(221,5),
(221,7),
(221,30),
(221,8),
(221,9),
(221,10),
(221,32),
(221,13),
(221,15),
(221,16),
(221,17),
(221,18),
(221,19),
(221,20),
(221,22),
(221,23),
(221,24),
(221,26),
(221,27),
(221,22),
(222,2),
(222,3),
(222,4),
(222,5),
(222,6),
(222,8),
(222,32),
(222,16),
(222,17),
(222,18),
(222,19),
(222,27),
(222,22),
(223,2),
(223,3),
(223,4),
(223,5),
(223,6),
(223,7),
(223,30),
(223,8),
(223,9),
(223,10),
(223,32),
(223,16),
(223,17),
(223,18),
(223,19),
(223,24),
(223,27),
(223,22),
(224,31),
(224,2),
(224,3),
(224,4),
(224,5),
(224,7),
(224,30),
(224,8),
(224,16),
(224,17),
(224,18),
(224,19),
(224,24),
(224,27),
(224,22),
(225,2),
(225,3),
(225,4),
(225,5),
(225,7),
(225,30),
(225,8),
(225,16),
(225,17),
(225,18),
(225,19),
(225,27),
(225,22),
(226,2),
(226,7),
(226,30),
(226,8),
(226,16),
(226,17),
(226,18),
(226,19),
(226,27),
(226,22),
(227,2),
(227,3),
(227,4),
(227,5),
(227,7),
(227,9),
(227,16),
(227,17),
(227,19),
(227,22),
(227,24),
(227,22),
(228,2),
(228,3),
(228,4),
(228,5),
(228,7),
(228,30),
(228,9),
(228,13),
(228,16),
(228,17),
(228,19),
(228,24),
(228,22),
(229,3),
(229,4),
(229,5),
(229,7),
(229,9),
(229,13),
(229,14),
(229,16),
(229,17),
(229,19),
(229,22),
(229,24),
(229,22),
(230,2),
(230,3),
(230,4),
(230,5),
(230,7),
(230,9),
(230,32),
(230,16),
(230,17),
(230,19),
(230,24),
(230,22),
(231,2),
(231,3),
(231,5),
(231,7),
(231,30),
(231,32),
(231,16),
(231,17),
(231,19),
(231,24),
(231,22),
(232,2),
(232,3),
(232,4),
(232,7),
(232,9),
(232,13),
(232,15),
(232,16),
(232,17),
(232,19),
(232,24),
(232,22),
(235,3),
(235,5),
(235,7),
(235,32),
(235,13),
(235,16),
(235,17),
(235,19),
(235,24),
(235,22),
(239,3),
(239,4),
(239,7),
(239,16),
(239,19),
(239,22),
(239,24),
(239,22),
(240,3),
(240,4),
(240,5),
(240,7),
(240,13),
(240,16),
(240,17),
(240,19),
(240,24),
(240,22),
(241,2),
(241,3),
(241,4),
(241,7),
(241,13),
(241,15),
(241,22),
(241,24),
(241,22),
(242,2),
(242,3),
(242,5),
(242,7),
(242,13),
(242,16),
(242,19),
(242,22),
(242,24),
(242,22),
(243,2),
(243,3),
(243,4),
(243,5),
(243,7),
(243,13),
(243,15),
(243,16),
(243,17),
(243,19),
(243,22),
(243,24),
(243,22),
(245,2),
(245,3),
(245,4),
(245,5),
(245,9),
(245,16),
(245,17),
(245,19),
(245,24),
(245,22),
(246,3),
(246,5),
(246,7),
(246,17),
(246,19),
(246,24),
(246,22),
(247,2),
(247,3),
(247,4),
(247,5),
(247,30),
(247,9),
(247,16),
(247,17),
(247,19),
(247,24),
(247,22),
(248,2),
(248,3),
(248,4),
(248,5),
(248,7),
(248,9),
(248,13),
(248,15),
(248,17),
(248,19),
(248,22),
(248,24),
(248,22),
(249,10),
(249,22),
(250,10),
(250,22),
(251,2),
(251,3),
(251,4),
(251,5),
(251,6),
(251,7),
(251,30),
(251,8),
(251,9),
(251,10),
(251,11),
(251,13),
(251,14),
(251,15),
(251,16),
(251,17),
(251,18),
(251,19),
(251,24),
(251,22),
(252,2),
(252,3),
(252,4),
(252,5),
(252,7),
(252,30),
(252,9),
(252,13),
(252,15),
(252,16),
(252,17),
(252,19),
(252,24),
(252,22),
(253,2),
(253,3),
(253,5),
(253,7),
(253,13),
(253,16),
(253,17),
(253,19),
(253,24),
(253,22),
(254,2),
(254,3),
(254,4),
(254,5),
(254,7),
(254,16),
(254,17),
(254,19),
(254,24),
(254,22),
(256,2),
(256,3),
(256,5),
(256,24),
(256,22),
(257,2),
(257,3),
(257,4),
(257,5),
(257,6),
(257,7),
(257,9),
(257,13),
(257,15),
(257,16),
(257,17),
(257,19),
(257,22),
(257,24),
(257,22),
(260,2),
(260,3),
(260,4),
(260,5),
(260,7),
(260,32),
(260,13),
(260,15),
(260,16),
(260,17),
(260,19),
(260,24),
(260,22),
(261,2),
(261,3),
(261,4),
(261,5),
(261,30),
(261,8),
(261,16),
(261,19),
(261,24),
(261,22),
(262,2),
(262,3),
(262,4),
(262,5),
(262,7),
(262,8),
(262,13),
(262,15),
(262,16),
(262,17),
(262,19),
(262,22),
(262,24),
(262,22),
(263,2),
(263,3),
(263,4),
(263,5),
(263,7),
(263,32),
(263,13),
(263,16),
(263,17),
(263,19),
(263,24),
(263,22),
(265,2),
(265,3),
(265,4),
(265,5),
(265,7),
(265,30),
(265,8),
(265,32),
(265,16),
(265,17),
(265,19),
(265,24),
(265,27),
(265,22),
(267,2),
(267,3),
(267,4),
(267,5),
(267,7),
(267,30),
(267,32),
(267,16),
(267,17),
(267,19),
(267,24),
(267,22),
(269,2),
(269,3),
(269,4),
(269,5),
(269,7),
(269,30),
(269,8),
(269,10),
(269,32),
(269,13),
(269,15),
(269,16),
(269,17),
(269,18),
(269,19),
(269,24),
(269,27),
(269,22),
(270,2),
(270,3),
(270,5),
(270,7),
(270,16),
(270,17),
(270,19),
(270,24),
(270,27),
(270,22),
(272,2),
(272,3),
(272,4),
(272,5),
(272,7),
(272,16),
(272,17),
(272,19),
(272,24),
(272,22),
(273,2),
(273,3),
(273,4),
(273,5),
(273,7),
(273,30),
(273,8),
(273,32),
(273,16),
(273,17),
(273,19),
(273,24),
(273,27),
(273,22),
(274,2),
(274,3),
(274,4),
(274,5),
(274,7),
(274,30),
(274,8),
(274,16),
(274,17),
(274,19),
(274,24),
(274,27),
(274,22),
(275,2),
(275,3),
(275,4),
(275,5),
(275,7),
(275,30),
(275,8),
(275,32),
(275,17),
(275,19),
(275,24),
(275,27),
(275,22),
(276,2),
(276,3),
(276,4),
(276,5),
(276,7),
(276,30),
(276,8),
(276,17),
(276,19),
(276,24),
(276,27),
(276,22),
(277,2),
(277,3),
(277,4),
(277,5),
(277,7),
(277,30),
(277,8),
(277,32),
(277,18),
(277,19),
(277,24),
(277,27),
(277,22),
(278,2),
(278,3),
(278,4),
(278,5),
(278,6),
(278,7),
(278,30),
(278,8),
(278,32),
(278,15),
(278,17),
(278,18),
(278,24),
(278,27),
(278,22),
(279,2),
(279,3),
(279,4),
(279,5),
(279,6),
(279,7),
(279,30),
(279,8),
(279,9),
(279,32),
(279,16),
(279,17),
(279,18),
(279,19),
(279,24),
(279,27),
(279,22),
(280,2),
(280,3),
(280,4),
(280,5),
(280,7),
(280,30),
(280,8),
(280,17),
(280,18),
(280,19),
(280,24),
(280,27),
(280,22),
(281,2),
(281,3),
(281,4),
(281,5),
(281,7),
(281,30),
(281,8),
(281,17),
(281,18),
(281,19),
(281,24),
(281,27),
(281,22),
(282,2),
(282,3),
(282,4),
(282,5),
(282,7),
(282,30),
(282,8),
(282,32),
(282,16),
(282,17),
(282,18),
(282,19),
(282,24),
(282,26),
(282,27),
(282,22),
(283,3),
(283,5),
(283,7),
(283,32),
(283,19),
(283,24),
(283,22),
(284,31),
(284,2),
(284,3),
(284,5),
(284,30),
(284,16),
(284,17),
(284,19),
(284,24),
(284,27),
(284,22),
(285,31),
(285,2),
(285,3),
(285,5),
(285,7),
(285,30),
(285,24),
(285,22),
(287,2),
(287,3),
(287,4),
(287,5),
(287,7),
(287,16),
(287,19),
(287,24),
(287,22),
(288,2),
(288,3),
(288,5),
(288,7),
(288,9),
(288,16),
(288,17),
(288,19),
(288,24),
(288,22),
(289,2),
(289,3),
(289,4),
(289,5),
(289,7),
(289,9),
(289,15),
(289,16),
(289,17),
(289,19),
(289,24),
(289,22),
(290,2),
(290,3),
(290,4),
(290,5),
(290,7),
(290,30),
(290,16),
(290,17),
(290,19),
(290,24),
(290,22),
(291,2),
(291,3),
(291,4),
(291,5),
(291,7),
(291,30),
(291,13),
(291,16),
(291,17),
(291,19),
(291,24),
(291,27),
(291,22),
(292,2),
(292,3),
(292,4),
(292,7),
(292,30),
(292,13),
(292,16),
(292,17),
(292,19),
(292,24),
(292,22),
(293,2),
(293,3),
(293,5),
(293,7),
(293,30),
(293,13),
(293,16),
(293,17),
(293,19),
(293,24),
(293,27),
(293,22),
(294,2),
(294,3),
(294,4),
(294,7),
(294,13),
(294,15),
(294,16),
(294,17),
(294,19),
(294,24),
(294,22),
(296,2),
(296,3),
(296,5),
(296,7),
(296,16),
(296,17),
(296,19),
(296,24),
(296,22),
(297,2),
(297,3),
(297,7),
(297,16),
(297,19),
(297,24),
(297,22),
(298,3),
(298,5),
(298,7),
(298,30),
(298,16),
(298,17),
(298,19),
(298,24),
(298,22),
(299,3),
(299,5),
(299,7),
(299,8),
(299,15),
(299,16),
(299,17),
(299,19),
(299,24),
(299,22),
(302,3),
(302,5),
(302,7),
(302,17),
(302,19),
(302,24),
(302,22),
(303,2),
(303,3),
(303,5),
(303,7),
(303,9),
(303,16),
(303,17),
(303,19),
(303,27),
(303,22),
(304,2),
(304,3),
(304,4),
(304,5),
(304,7),
(304,30),
(304,16),
(304,17),
(304,19),
(304,24),
(304,22),
(305,3),
(305,4),
(305,7),
(305,30),
(305,16),
(305,17),
(305,19),
(305,24),
(305,22),
(306,2),
(306,3),
(306,5),
(306,7),
(306,16),
(306,19),
(306,24),
(306,22),
(307,2),
(307,3),
(307,4),
(307,7),
(307,16),
(307,17),
(307,19),
(307,24),
(307,22),
(309,2),
(309,4),
(309,5),
(309,30),
(309,17),
(309,22),
(309,23),
(309,24),
(309,22),
(310,3),
(310,7),
(310,30),
(310,24),
(310,22),
(312,2),
(312,3),
(312,4),
(312,5),
(312,30),
(312,16),
(312,17),
(312,19),
(312,24),
(312,22),
(313,2),
(313,4),
(313,7),
(313,30),
(313,8),
(313,19),
(313,27),
(313,22),
(314,2),
(314,4),
(314,7),
(314,30),
(314,8),
(314,27),
(314,22),
(315,2),
(315,7),
(315,30),
(315,8),
(315,17),
(315,19),
(315,27),
(315,22),
(316,2),
(316,7),
(316,30),
(316,8),
(316,24),
(316,27),
(316,22),
(317,2),
(317,7),
(317,30),
(317,27),
(317,22),
(318,31),
(318,5),
(318,6),
(318,30),
(318,8),
(318,10),
(318,13),
(318,24),
(318,27),
(318,22),
(319,31),
(319,2),
(319,3),
(319,4),
(319,5),
(319,6),
(319,7),
(319,30),
(319,8),
(319,9),
(319,10),
(319,11),
(319,13),
(319,15),
(319,16),
(319,18),
(319,19),
(319,22),
(319,24),
(319,26),
(319,27),
(319,22),
(320,3),
(320,4),
(320,5),
(320,7),
(320,10),
(320,13),
(320,16),
(320,17),
(320,18),
(320,19),
(320,24),
(320,22),
(322,2),
(322,4),
(322,30),
(322,8),
(322,27),
(322,22),
(323,2),
(323,7),
(323,30),
(323,8),
(323,10),
(323,24),
(323,27),
(323,22),
(324,31),
(324,2),
(324,4),
(324,5),
(324,7),
(324,16),
(324,17),
(324,24),
(324,22),
(325,3),
(325,5),
(325,7),
(325,24),
(325,22),
(326,2),
(326,3),
(326,4),
(326,5),
(326,7),
(326,30),
(326,15),
(326,16),
(326,17),
(326,19),
(326,24),
(326,22),
(327,2),
(327,3),
(327,5),
(327,7),
(327,30),
(327,8),
(327,15),
(327,16),
(327,17),
(327,19),
(327,24),
(327,22),
(328,2),
(328,3),
(328,5),
(328,30),
(328,17),
(328,19),
(328,24),
(328,22),
(329,2),
(329,3),
(329,4),
(329,5),
(329,7),
(329,30),
(329,8),
(329,10),
(329,32),
(329,15),
(329,16),
(329,17),
(329,19),
(329,24),
(329,27),
(329,22),
(331,2),
(331,3),
(331,4),
(331,5),
(331,6),
(331,7),
(331,30),
(331,8),
(331,9),
(331,32),
(331,16),
(331,17),
(331,19),
(331,24),
(331,27),
(331,22),
(332,31),
(332,2),
(332,3),
(332,4),
(332,5),
(332,6),
(332,7),
(332,30),
(332,8),
(332,10),
(332,15),
(332,24),
(332,27),
(332,22),
(333,2),
(333,3),
(333,4),
(333,5),
(333,7),
(333,8),
(333,16),
(333,17),
(333,19),
(333,24),
(333,22),
(335,2),
(335,3),
(335,4),
(335,5),
(335,7),
(335,16),
(335,17),
(335,19),
(335,24),
(335,22),
(336,2),
(336,3),
(336,5),
(336,7),
(336,30),
(336,15),
(336,17),
(336,19),
(336,24),
(336,22),
(337,2),
(337,3),
(337,4),
(337,30),
(337,8),
(337,15),
(337,16),
(337,17),
(337,19),
(337,24),
(337,22),
(338,3),
(338,4),
(338,5),
(338,7),
(338,16),
(338,19),
(338,24),
(338,22),
(339,31),
(339,4),
(339,5),
(339,7),
(339,24),
(339,22),
(340,2),
(340,3),
(340,5),
(340,16),
(340,17),
(340,18),
(340,19),
(340,24),
(340,22),
(341,2),
(341,3),
(341,4),
(341,5),
(341,16),
(341,17),
(341,18),
(341,19),
(341,24),
(341,22),
(342,2),
(342,3),
(342,4),
(342,5),
(342,30),
(342,15),
(342,16),
(342,17),
(342,19),
(342,24),
(342,22),
(344,2),
(344,3),
(344,5),
(344,30),
(344,9),
(344,15),
(344,16),
(344,17),
(344,19),
(344,24),
(344,22),
(345,2),
(345,3),
(345,4),
(345,5),
(345,30),
(345,8),
(345,14),
(345,15),
(345,16),
(345,17),
(345,19),
(345,24),
(345,27),
(345,22),
(346,31),
(346,2),
(346,3),
(346,5),
(346,7),
(346,10),
(346,16),
(346,17),
(346,19),
(346,21),
(346,24),
(346,22),
(347,31),
(347,2),
(347,3),
(347,4),
(347,5),
(347,30),
(347,16),
(347,17),
(347,19),
(347,22),
(347,24),
(347,22),
(348,31),
(348,2),
(348,3),
(348,4),
(348,5),
(348,6),
(348,7),
(348,30),
(348,9),
(348,10),
(348,13),
(348,15),
(348,16),
(348,17),
(348,18),
(348,19),
(348,24),
(348,22),
(349,31),
(349,2),
(349,5),
(349,6),
(349,22),
(350,2),
(350,3),
(350,5),
(350,7),
(350,30),
(350,15),
(350,16),
(350,17),
(350,19),
(350,21),
(350,22),
(350,24),
(350,27),
(350,22),
(351,2),
(351,3),
(351,5),
(351,7),
(351,30),
(351,17),
(351,19),
(351,22);

DROP TABLE IF EXISTS `vehicle_images`;
CREATE TABLE `vehicle_images` (
    `id` bigint(20) unsigned NOT NULL AUTO_INCREMENT,
    `vehicle_id` bigint(20) unsigned NOT NULL,
    `image` varchar(255) COLLATE utf8mb4_unicode_ci NOT NULL,
    `created_at` timestamp NULL DEFAULT NULL,
    `updated_at` timestamp NULL DEFAULT NULL,
    PRIMARY KEY (`id`)
) ENGINE = InnoDB DEFAULT CHARSET = utf8mb4 COLLATE = utf8mb4_unicode_ci;

insert  into `vehicle_images`(`vehicle_id`,`image`) values
(88,'IMG-20230306-WA0001.jpg'),
(89,'IMG-20230306-WA0011.jpg'),
(90,'IMG_20230306_123033-min.jpg'),
(91,'IMG_20230306_130323-min.jpg'),
(92,'IMG_20230306_125955-min.jpg'),
(93,'IMG_20230225_131921-min.jpg'),
(94,'IMG-20230225-WA0005.jpg'),
(95,'IMG_20230306_145850-min.jpg'),
(96,'IMG_20230306_123234-min.jpg'),
(99,'1678282755IMG_20230308_121221-min.jpg'),
(100,'167828299120230308_125806.jpg'),
(101,'1678340152IMG_20230308_120037-min.jpg'),
(103,'1678433328IMG_20230308_132717.jpg'),
(104,'1678435512IMG_20230308_133539.jpg'),
(105,'1678443275IMG_20230308_133425_498.jpg'),
(106,'1678447724IMG_20230308_113217.jpg'),
(107,'1678448178IMG_20230308_141814_546.jpg'),
(110,'1678451669IMG_20230308_141903.jpg'),
(112,'1678453379IMG_20230308_125826.jpg'),
(115,'1678455787IMG_20230308_130852_099.jpg'),
(116,'1678532054Testimage3.jpg'),
(117,'1678532534mercedese4.PNG'),
(118,'1678533706subaru5.PNG'),
(119,'1678534431tiguan5.PNG'),
(120,'1678535647ford1.PNG'),
(125,'1678701776WhatsApp Image 2023-03-13 at 08.59.41.jpeg'),
(126,'1678702003WhatsApp Image 2023-03-13 at 09.20.53.jpeg'),
(127,'1678880466IMG_20230315_132535_7.jpg'),
(128,'1678880753IMG_20230315_141844_5.jpg'),
(129,'1678881108IMG_20230315_133557_8.jpg'),
(130,'167929227320230308_131059.jpg'),
(131,'1679307054IMG-20230320-WA0017.jpg'),
(132,'1679311774IMG-20230320-WA0029.jpg'),
(133,'1679479777Car1.PNG'),
(134,'1679488791suzuki1.PNG'),
(135,'1679557813IMG-20230318-WA0002.jpg'),
(136,'1679558243IMG-20230321-WA0028.jpg'),
(137,'1679559112IMG-20230323-WA0013.jpg'),
(138,'1679578398IMG-20230216-WA0015.jpg'),
(139,'1679648784IMG_20230323_153048_482-min.jpg'),
(140,'1679651465IMG-20230321-WA0050.jpg'),
(141,'1679652962IMG-20230324-WA0038.jpg'),
(142,'1679653315IMG-20230324-WA0048.jpg'),
(143,'1679653767IMG-20230324-WA0070.jpg'),
(144,'1679894018WhatsApp Image 2023-01-03 at 11.38.46.jpeg'),
(145,'1679895140WhatsApp Image 2022-10-28 at 10.04.22 (1).jpeg'),
(146,'1679895349WhatsApp Image 2022-11-07 at 09.04.18 (1).jpeg'),
(147,'1679994586IMG-20230327-WA0014.jpg'),
(149,'1680002350IMG_1367.JPG'),
(150,'1680011324IMG-20230328-WA0057.jpg'),
(151,'1680013917WhatsApp Image 2023-03-25 at 15.03.32.jpeg'),
(152,'1680073429IMG_0622.jpg'),
(153,'1680082789WhatsApp Image 2023-03-29 at 10.15.34 (1).jpeg'),
(154,'16801612571680160317696.jpg'),
(155,'1681482933IMG-20230313-WA0014.jpg'),
(156,'1680167497IMG-20230329-WA0026.jpg'),
(157,'1680170219IMG_20230322_103834_760.jpg'),
(158,'1680171900IMG-20230330-WA0001.jpg'),
(160,'1680175644IMG_20230330_091009.jpg'),
(161,'1680176360IMG_20230322_103742_438.jpg'),
(162,'1680770472suzuki1.PNG'),
(163,'1681193215prado1.PNG'),
(164,'img401681291037.jpg'),
(166,'img401681301432.jpg'),
(167,'img9501681370338.jpg'),
(168,'img9501681371440.jpg'),
(169,'img9501681372895.jpg'),
(170,'img9501681374644.jpg'),
(171,'img9501681376675.jpg'),
(172,'img9501681377850.jpg'),
(173,'img9501681379387.jpg'),
(175,'img9501681387737.jpg'),
(176,'img8101681393967.jpg'),
(177,'img8101681394639.jpg'),
(178,'img8101681399895.jpg'),
(179,'img9301681483248.jpg'),
(180,'img9301681483740.jpg'),
(182,'img11801681717756.jpg'),
(183,'img11801681718714.jpg'),
(185,'img11801681975059.jpg'),
(186,'img12101681977514.jpg'),
(187,'img11801681977909.jpg'),
(188,'img11801681978489.jpg'),
(189,'img12101681979713.jpg'),
(190,'img11801681979726.jpg'),
(191,'img11801681980609.jpg'),
(192,'img11801681986440.jpg'),
(193,'img12101681987062.jpg'),
(194,'img11801681987498.jpg'),
(195,'img11801681989368.jpg'),
(196,'img11801681990411.jpg'),
(197,'img11801681991820.jpg'),
(198,'img11801681995565.jpg'),
(199,'img12101681995764.jpg'),
(200,'img11801681996296.jpg'),
(201,'img11801681998021.jpg'),
(202,'img11801681999243.jpg'),
(203,'img11801682315079.jpg'),
(204,'img8101682319239.jpg'),
(205,'img8101682320181.jpg'),
(206,'img8101682321025.jpg'),
(207,'img8101682325131.jpg'),
(208,'img8101682327365.jpg'),
(209,'img121cover1682659885.jpg'),
(210,'img12101682329136.jpg'),
(211,'img8101682330289.jpg'),
(212,'img12101682331354.jpg'),
(214,'img134cover1682504120.jpg'),
(215,'img13501682507459.jpg'),
(216,'img121cover1682508412.jpg'),
(217,'img121cover1682509337.jpg'),
(218,'img121cover1682510172.jpg'),
(219,'img121cover1682511207.jpg'),
(221,'img96cover1682581052.jpg'),
(222,'img121cover1682659141.jpg'),
(223,'img121cover1682661403.jpg'),
(224,'img121cover1682662331.jpg'),
(225,'img121cover1682663646.jpg'),
(226,'img121cover1682666801.jpg'),
(227,'img145cover1683008858.jpg'),
(228,'img145cover1683009618.jpg'),
(229,'img146cover1683202151.jpg'),
(230,'img145cover1683011760.jpg'),
(231,'img145cover1683014215.jpg'),
(232,'img145cover1683015096.jpg'),
(235,'img145cover1683028183.jpg'),
(239,'img91cover1683119192.jpg'),
(240,'img91cover1683032803.jpg'),
(241,'img91cover1683033233.jpg'),
(242,'img91cover1683033790.jpg'),
(243,'img146cover1683201788.jpg'),
(245,'img146cover1683203436.jpg'),
(246,'img91cover1683204865.jpg'),
(247,'img146cover1683206469.jpg'),
(248,'img91cover1683277029.jpg'),
(249,'img5601683620820.jpg'),
(250,'img56cover1683621864.jpg'),
(251,'img51cover1683784039.jpg'),
(252,'img146cover1683787113.jpg'),
(253,'img146cover1683787779.jpg'),
(254,'img146cover1683790401.jpg'),
(256,'img153cover1683798842.jpg'),
(257,'img146cover1683799028.jpg'),
(260,'img146cover1683810958.jpg'),
(261,'img146cover1683811692.jpg'),
(262,'img91cover1683813403.jpg'),
(263,'img146cover1683869280.jpg'),
(265,'img146cover1683871034.jpg'),
(267,'img91cover1683872605.jpg'),
(269,'img146cover1683874052.jpg'),
(270,'img91cover1683874811.jpg'),
(272,'img91cover1683876829.jpg'),
(273,'img146cover1683877011.jpg'),
(274,'img146cover1683882086.jpg'),
(275,'img146cover1683883619.jpg'),
(276,'img146cover1683886308.jpg'),
(277,'img146cover1683887173.jpg'),
(278,'img146cover1683891550.jpg'),
(279,'img146cover1683893380.jpg'),
(280,'img14601683894130.jpg'),
(281,'img146cover1683894786.jpg'),
(282,'img146cover1683895530.jpg'),
(283,'img118cover1684302708.jpg'),
(284,'img153cover1684307416.jpg'),
(285,'img153cover1684307731.jpg'),
(287,'img91cover1684326547.jpg'),
(288,'img91cover1684327573.jpg'),
(289,'img14601684328761.jpg'),
(290,'img91cover1684388291.jpg'),
(291,'img91cover1684389789.jpg'),
(292,'img9101684390184.jpg'),
(293,'img91cover1684392156.jpg'),
(294,'img146cover1685359229.jpg'),
(296,'img146cover1685360365.jpg'),
(297,'img146cover1685361001.jpg'),
(298,'img91cover1685361766.jpg'),
(299,'img91cover1685362468.jpg'),
(302,'img91cover1685364699.jpg'),
(303,'img91cover1685365475.jpg'),
(304,'img91cover1685367300.jpg'),
(305,'img91cover1685368708.jpg'),
(306,'img91cover1685421403.jpg'),
(307,'img91cover1685425623.jpg'),
(309,'img177cover1685442751.jpg'),
(310,'img175cover1685442895.jpg'),
(312,'img183cover1685448189.jpg'),
(313,'img81cover1685511964.jpg'),
(314,'img81cover1685513127.jpg'),
(315,'img81cover1685514254.jpg'),
(316,'img81cover1685514746.jpg'),
(317,'img81cover1685515134.jpg'),
(318,'img185cover1685528077.jpg'),
(319,'img184cover1685528863.jpg'),
(320,'img186cover1685528948.jpg'),
(322,'img81cover1685541420.jpg'),
(323,'img81cover1685541964.jpg'),
(324,'img81cover1685685418.jpg'),
(325,'img81cover1685686139.jpg'),
(326,'img91cover1685687296.jpg'),
(327,'img91cover1685688983.jpg'),
(328,'img189cover1685699826.jpg'),
(329,'img91cover1685709453.jpg'),
(331,'img188cover1686032800.jpg'),
(332,'img188cover1686033685.jpg'),
(333,'img188cover1686034364.jpg'),
(335,'img18801686035753.jpg'),
(336,'img188cover1686038098.jpg'),
(337,'img188cover1686040215.jpg'),
(338,'img188cover1686040928.jpg'),
(339,'img188cover1686042149.jpg'),
(340,'img146cover1686301879.jpg'),
(341,'img146cover1686303078.jpg'),
(342,'img146cover1686549975.jpg'),
(344,'img91cover1686553463.jpg'),
(345,'img91cover1686576247.jpg'),
(346,'img194cover1686932226.jpg'),
(347,'img198cover1687722828.jpg'),
(348,'img180cover1687769951.jpg'),
(349,'img180cover1687770674.jpg'),
(350,'img199cover1687795041.jpg'),
(351,'img199cover1687797800.jpg'),
(68,'IMG_8933-min.JPG'),
(68,'IMG_8936-min.JPG'),
(68,'IMG_8937-min.JPG'),
(68,'IMG_8940-min.JPG'),
(68,'IMG_8941-min.JPG'),
(73,'IMG_8867-min (1).JPG'),
(73,'IMG_8871-min.JPG'),
(73,'IMG_8877-min.JPG'),
(73,'IMG_8876-min.JPG'),
(73,'IMG_8873-min.JPG'),
(75,'IMG_8853-min.JPG'),
(75,'IMG_8856-min.JPG'),
(75,'IMG_8849-min.JPG'),
(75,'IMG_8850-min.JPG'),
(75,'IMG_8861-min.JPG'),
(78,'IMG_8904-min.JPG'),
(78,'IMG_8894-min.JPG'),
(78,'IMG_8898-min.JPG'),
(78,'IMG_8902-min.JPG'),
(78,'IMG_8910-min.JPG'),
(78,'IMG_8853-min.JPG'),
(79,'IMG_8992-min.JPG'),
(79,'IMG_8986-min.JPG'),
(79,'IMG_8990-min.JPG'),
(79,'IMG_8995-min.JPG'),
(79,'IMG_8988-min.JPG'),
(83,'IMG_8962-min-min.JPG'),
(83,'IMG_8960-min-min.JPG'),
(90,'IMG_20230306_123046-min.jpg'),
(90,'IMG_20230306_123349-min.jpg'),
(90,'IMG_20230306_123234-min.jpg'),
(90,'IMG_20230306_123158-min.jpg'),
(90,'IMG_20230306_123138-min.jpg'),
(91,'IMG_20230306_130209-min.jpg'),
(91,'IMG_20230306_130221-min.jpg'),
(91,'IMG_20230306_130247-min.jpg'),
(91,'IMG_20230306_130307-min.jpg'),
(91,'IMG_20230306_130317-min.jpg'),
(92,'IMG_20230306_125852-min.jpg'),
(92,'IMG_20230306_125837-min.jpg'),
(92,'IMG_20230306_125911-min.jpg'),
(92,'IMG_20230306_125933-min.jpg'),
(92,'IMG_20230306_125943-min.jpg'),
(93,'IMG_20230225_132008-min.jpg'),
(93,'IMG_20230225_131958-min.jpg'),
(93,'IMG_20230225_131951-min.jpg'),
(93,'IMG_20230225_131916-min.jpg'),
(93,'IMG_20230225_131934-min.jpg'),
(93,'IMG_20230225_131941-min.jpg'),
(95,'IMG_20230306_145727-min.jpg'),
(95,'IMG_20230306_145734-min.jpg'),
(95,'IMG_20230306_145755-min.jpg'),
(95,'IMG_20230306_145812-min.jpg'),
(95,'IMG_20230306_145831-min.jpg'),
(99,'1678282753IMG_20230308_121052-min.jpg'),
(99,'1678282754IMG_20230308_121120-min.jpg'),
(99,'1678282754IMG_20230308_121146-min.jpg'),
(101,'1678340150IMG_20230308_115908-min.jpg'),
(101,'1678340150IMG_20230308_115934-min.jpg'),
(101,'1678340151IMG_20230308_120006-min.jpg'),
(101,'1678340152IMG_20230308_120026-min.jpg'),
(103,'1678433328IMG_20230308_132736.jpg'),
(103,'1678433328IMG_20230308_132653.jpg'),
(103,'1678433328IMG_20230308_132745.jpg'),
(103,'1678433328IMG_20230308_132757.jpg'),
(103,'1678433328IMG_20230308_132708.jpg'),
(104,'1678435512IMG_20230308_133559.jpg'),
(104,'1678435512IMG_20230308_133440.jpg'),
(104,'1678435512IMG_20230308_133452.jpg'),
(104,'1678435512IMG_20230308_133522.jpg'),
(105,'1678443275IMG_20230308_133514_551.jpg'),
(105,'1678443275IMG_20230308_133454_012.jpg'),
(106,'1678447724IMG_20230308_113203.jpg'),
(106,'1678447724IMG_20230308_113145.jpg'),
(106,'1678447724IMG_20230308_115712.jpg'),
(106,'1678447724IMG_20230308_115645.jpg'),
(107,'1678448177IMG_20230308_141843_022.jpg'),
(107,'1678448177IMG_20230308_141833_261.jpg'),
(107,'1678448178IMG_20230308_141756_633.jpg'),
(109,'1678449486IMG_20230308_122541.jpg'),
(109,'1678449486IMG_20230308_122551.jpg'),
(109,'1678449486IMG_20230308_122855.jpg'),
(109,'1678449486IMG_20230308_122851.jpg'),
(109,'1678449486IMG_20230308_122649.jpg'),
(109,'1678449487IMG_20230308_122606.jpg'),
(110,'1678451669IMG_20230308_141832.jpg'),
(110,'1678451669IMG_20230308_142006.jpg'),
(110,'1678451669IMG_20230308_141915.jpg'),
(112,'1678453379IMG_20230308_125811.jpg'),
(112,'1678453379IMG_20230308_125722.jpg'),
(112,'1678453379IMG_20230308_125911.jpg'),
(112,'1678453379IMG_20230308_125943.jpg'),
(112,'1678453379IMG_20230308_125859.jpg'),
(112,'1678453379IMG_20230308_125841.jpg'),
(115,'1678455787IMG_20230308_130837_976.jpg'),
(115,'1678455787IMG_20230308_132430_294 (1).jpg'),
(116,'1678532054Testimage1.jpg'),
(116,'1678532054Testimage2.jpg'),
(117,'1678532534mercedese1.PNG'),
(117,'1678532534mercedese3.PNG'),
(118,'1678533705subaru1.PNG'),
(118,'1678533705subaru3.PNG'),
(118,'1678533706subaru4.PNG'),
(119,'1678534431tiguan1.PNG'),
(119,'1678534431tiguan2.PNG'),
(119,'1678534431tiguan3.PNG'),
(119,'1678534431tiguan4.PNG'),
(120,'1678535647ford5.PNG'),
(120,'1678535647ford4.PNG'),
(120,'1678535647ford3.PNG'),
(120,'1678535647ford2.PNG'),
(125,'1678701776WhatsApp Image 2023-03-13 at 08.59.42.jpeg'),
(125,'1678701776WhatsApp Image 2023-03-13 at 08.59.41 (3).jpeg'),
(125,'1678701776WhatsApp Image 2023-03-13 at 08.59.41 (2).jpeg'),
(125,'1678701776WhatsApp Image 2023-03-13 at 08.59.41 (1).jpeg'),
(126,'1678702003WhatsApp Image 2023-03-13 at 09.20.54 (2).jpeg'),
(126,'1678702003WhatsApp Image 2023-03-13 at 09.20.54 (1).jpeg'),
(126,'1678702003WhatsApp Image 2023-03-13 at 09.20.54.jpeg'),
(126,'1678702003WhatsApp Image 2023-03-13 at 09.20.53 (2).jpeg'),
(126,'1678702003WhatsApp Image 2023-03-13 at 09.20.53 (1).jpeg'),
(130,'167929227220230308_131120.jpg'),
(130,'167929227320230308_131140.jpg'),
(130,'167929227320230308_131051.jpg'),
(131,'1679307054IMG-20230320-WA0019.jpg'),
(131,'1679307054IMG-20230320-WA0015.jpg'),
(131,'1679307054IMG-20230320-WA0020.jpg'),
(131,'1679307054IMG-20230320-WA0021.jpg'),
(131,'1679307054IMG-20230320-WA0018.jpg'),
(132,'1679311773IMG-20230320-WA0028.jpg'),
(132,'1679311773IMG-20230320-WA0027.jpg'),
(133,'1679479777car2.PNG'),
(134,'1679488790suzuki5.PNG'),
(134,'1679488791suzuki4.PNG'),
(134,'1679488791suzuki3.PNG'),
(135,'1679557812IMG-20230318-WA0010.jpg'),
(135,'1679557812IMG-20230318-WA0009.jpg'),
(135,'1679557812IMG-20230318-WA0007.jpg'),
(135,'1679557812IMG-20230318-WA0006.jpg'),
(135,'1679557812IMG-20230318-WA0004.jpg'),
(135,'1679557813IMG-20230318-WA0008.jpg'),
(135,'1679557813IMG-20230318-WA0003.jpg'),
(135,'1679557813IMG-20230318-WA0005.jpg'),
(135,'1679557813IMG-20230318-WA0000.jpg'),
(137,'1679559112IMG-20230323-WA0014.jpg'),
(137,'1679559112IMG-20230306-WA0031.jpg'),
(137,'1679559112IMG-20230306-WA0034.jpg'),
(138,'1679578398IMG-20230216-WA0002.jpg'),
(138,'1679578398IMG-20230216-WA0007.jpg'),
(138,'1679578398IMG-20230216-WA0003.jpg'),
(138,'1679578398IMG-20230216-WA0004.jpg'),
(138,'1679578398IMG-20230216-WA0007.jpg'),
(138,'1679578398IMG-20230216-WA0011.jpg'),
(139,'1679648781IMG_20230323_141708_731-min.jpg'),
(139,'1679648782IMG_20230323_152957_539-min.jpg'),
(139,'1679648783IMG_20230323_153013_025-min.jpg'),
(139,'1679648784IMG_20230323_153033_818-min.jpg'),
(140,'1679651465IMG-20230321-WA0054.jpg'),
(140,'1679651465IMG-20230321-WA0056.jpg'),
(140,'1679651465IMG-20230321-WA0044.jpg'),
(140,'1679651465IMG-20230321-WA0045.jpg'),
(141,'1679652962IMG-20230324-WA0035.jpg'),
(141,'1679652962IMG-20230324-WA0037.jpg'),
(141,'1679652962IMG-20230324-WA0036.jpg'),
(141,'1679652962IMG-20230324-WA0039.jpg'),
(142,'1679653315IMG-20230324-WA0052.jpg'),
(142,'1679653315IMG-20230324-WA0053.jpg'),
(142,'1679653315IMG-20230324-WA0054.jpg'),
(142,'1679653315IMG-20230324-WA0043.jpg'),
(143,'1679653767IMG-20230324-WA0062.jpg'),
(143,'1679653767IMG-20230324-WA0076.jpg'),
(143,'1679653767IMG-20230324-WA0067.jpg'),
(143,'1679653767IMG-20230324-WA0071.jpg'),
(144,'1679894018WhatsApp Image 2023-01-03 at 11.38.43 (1).jpeg'),
(144,'1679894018WhatsApp Image 2023-01-03 at 11.38.44 (1).jpeg'),
(144,'1679894018WhatsApp Image 2023-01-03 at 11.38.44 (2).jpeg'),
(144,'1679894018WhatsApp Image 2023-01-03 at 11.38.44.jpeg'),
(144,'1679894018WhatsApp Image 2023-01-03 at 11.38.45.jpeg'),
(144,'1679894018WhatsApp Image 2023-01-03 at 11.38.46 (1).jpeg'),
(145,'1679895139WhatsApp Image 2022-10-28 at 10.04.18.jpeg'),
(145,'1679895139WhatsApp Image 2022-10-28 at 10.04.19 (1).jpeg'),
(145,'1679895139WhatsApp Image 2022-10-28 at 10.04.20 (1).jpeg'),
(145,'1679895140WhatsApp Image 2022-10-28 at 10.04.20 (2).jpeg'),
(145,'1679895140WhatsApp Image 2022-10-28 at 10.04.21 (1).jpeg'),
(145,'1679895140WhatsApp Image 2022-10-28 at 10.04.21.jpeg'),
(146,'1679895348WhatsApp Image 2022-11-07 at 09.04.11.jpeg'),
(146,'1679895348WhatsApp Image 2022-11-07 at 09.04.14.jpeg'),
(146,'1679895348WhatsApp Image 2022-11-07 at 09.04.15.jpeg'),
(146,'1679895349WhatsApp Image 2022-11-07 at 09.04.16.jpeg'),
(146,'1679895349WhatsApp Image 2022-11-07 at 09.04.17 (1).jpeg'),
(146,'1679895349WhatsApp Image 2022-11-07 at 09.04.17.jpeg'),
(147,'1679994585IMG-20230327-WA0027.jpg'),
(147,'1679994585IMG-20230327-WA0028.jpg'),
(147,'1679994585IMG-20230327-WA0026.jpg'),
(147,'1679994585IMG-20230327-WA0025.jpg'),
(147,'1679994585IMG-20230327-WA0024.jpg'),
(147,'1679994585IMG-20230327-WA0023.jpg'),
(147,'1679994585IMG-20230327-WA0022.jpg'),
(147,'1679994585IMG-20230327-WA0020.jpg'),
(147,'1679994586IMG-20230327-WA0021.jpg'),
(149,'1680002348IMG_1363.JPG'),
(149,'1680002349IMG_1372.JPG'),
(149,'1680002349IMG_1361.JPG'),
(149,'1680002349IMG_1359.JPG'),
(149,'1680002350IMG_1369.JPG'),
(149,'1680002350IMG_1368.JPG'),
(150,'1680011324IMG-20230328-WA0061.jpg'),
(150,'1680011324IMG-20230328-WA0059.jpg'),
(150,'1680011324IMG-20230328-WA0058.jpg'),
(151,'1680013917WhatsApp Image 2023-03-25 at 15.03.34(1).jpeg'),
(151,'1680013917WhatsApp Image 2023-03-25 at 15.03.34.jpeg'),
(151,'1680013917WhatsApp Image 2023-03-25 at 15.03.33(3).jpeg'),
(151,'1680013917WhatsApp Image 2023-03-25 at 15.03.33(2).jpeg'),
(151,'1680013917WhatsApp Image 2023-03-25 at 15.03.33(1).jpeg'),
(151,'1680013917WhatsApp Image 2023-03-25 at 15.03.33.jpeg'),
(151,'1680013917WhatsApp Image 2023-03-25 at 15.03.32(2).jpeg'),
(151,'1680013917WhatsApp Image 2023-03-25 at 15.03.32(1).jpeg'),
(152,'1680073429car_8b246a6d-dc61-462f-8470-ff181e92045f_640_0.jpg'),
(152,'1680073429car_20b55947-0ece-4038-973c-33be6a88bfc3_640_0.jpg'),
(152,'1680073429car_307892db-2856-4210-813d-9bd41b8714c9_640_0.jpg'),
(152,'1680073429car_bd2acc3f-225d-4a2f-bfe1-15a2ce11b51c_640_0.jpg'),
(152,'1680073429IMG_0619.jpg'),
(152,'1680073429IMG_0621.jpg'),
(153,'1680082788WhatsApp Image 2023-03-29 at 10.15.27.jpeg'),
(153,'1680082788WhatsApp Image 2023-03-29 at 10.15.28 (1).jpeg'),
(153,'1680082788WhatsApp Image 2023-03-29 at 10.15.28.jpeg'),
(153,'1680082788WhatsApp Image 2023-03-29 at 10.15.30.jpeg'),
(153,'1680082788WhatsApp Image 2023-03-29 at 10.15.31.jpeg'),
(153,'1680082788WhatsApp Image 2023-03-29 at 10.15.32 (1).jpeg'),
(153,'1680082788WhatsApp Image 2023-03-29 at 10.15.32.jpeg'),
(154,'16801612571680160303091.jpg'),
(154,'16801612571680160300259.jpg'),
(154,'16801612571680160297509.jpg'),
(154,'16801612571680160294642.jpg'),
(154,'16801612571680160291077.jpg'),
(154,'16801612571680160306583.jpg'),
(154,'16801612571680160309564.jpg'),
(154,'16801612571680160313926.jpg'),
(155,'16801616471680160485257.jpg'),
(155,'16801616471680160478677.jpg'),
(155,'16801616471680160476231.jpg'),
(155,'16801616471680160473782.jpg'),
(155,'16801616471680160470696.jpg'),
(155,'16801616471680160467598.jpg'),
(155,'16801616481680160463871.jpg'),
(155,'16801616481680160481148.jpg'),
(156,'1680167496IMG-20230329-WA0016.jpg'),
(156,'1680167496IMG-20230329-WA0021.jpg'),
(156,'1680167496IMG-20230329-WA0013.jpg'),
(156,'1680167496IMG-20230329-WA0015.jpg'),
(156,'1680167497IMG-20230329-WA0017.jpg'),
(156,'1680167497IMG-20230329-WA0019.jpg'),
(156,'1680167497IMG-20230329-WA0022.jpg'),
(156,'1680167497IMG-20230329-WA0025.jpg'),
(156,'1680167497IMG-20230329-WA0023.jpg'),
(157,'1680170219IMG_20230322_103906_101.jpg'),
(157,'1680170219IMG_20230322_103848_738.jpg'),
(157,'1680170219IMG_20230322_103929_176.jpg'),
(157,'1680170219IMG_20230322_103938_840.jpg'),
(158,'1680171900IMG-20230330-WA0006.jpg'),
(158,'1680171900IMG-20230330-WA0005.jpg'),
(158,'1680171900IMG-20230330-WA0002.jpg'),
(160,'1680175644IMG_20230330_090931.jpg'),
(160,'1680175644IMG_20230330_090948.jpg'),
(160,'1680175644IMG_20230330_090852.jpg'),
(160,'1680175644IMG_20230330_091032.jpg'),
(161,'1680176360IMG_20230322_103652_133.jpg'),
(161,'1680176360IMG_20230322_103722_465.jpg'),
(162,'1680770472suzuki5.PNG'),
(162,'1680770472suzuki4.PNG'),
(162,'1680770472suzuki3.PNG'),
(163,'1681193215prado4.PNG'),
(163,'1681193215prado2.PNG'),
(164,'img411681291037.jpg'),
(164,'img421681291037.jpg'),
(164,'img431681291037.jpg'),
(164,'img441681291037.jpg'),
(164,'img451681291037.jpg'),
(166,'img411681301432.jpg'),
(166,'img421681301432.jpg'),
(167,'img9511681370338.jpg'),
(167,'img9521681370338.jpg'),
(167,'img9531681370338.jpg'),
(167,'img9541681370338.jpg'),
(167,'img9551681370338.jpg'),
(167,'img9561681370338.jpg'),
(168,'img9511681371440.jpg'),
(168,'img9521681371440.jpg'),
(168,'img9531681371440.jpg'),
(168,'img9541681371440.jpg'),
(168,'img9551681371440.jpg'),
(168,'img9561681371440.jpg'),
(168,'img9571681371440.jpg'),
(168,'img9581681371440.jpg'),
(168,'img9591681371440.jpg'),
(168,'img95101681371440.jpg'),
(168,'img95111681371440.jpg'),
(168,'img95121681371440.jpg'),
(168,'img95131681371440.jpg'),
(168,'img95141681371440.jpg'),
(168,'img95151681371440.jpg'),
(168,'img95161681371440.jpg'),
(168,'img95171681371440.jpg'),
(168,'img95181681371440.jpg'),
(168,'img95191681371440.jpg'),
(168,'img95201681371440.jpg'),
(168,'img95211681371440.jpg'),
(168,'img95221681371440.jpg'),
(168,'img95231681371440.jpg'),
(168,'img95241681371440.jpg'),
(169,'img9511681372895.jpg'),
(169,'img9521681372895.jpg'),
(169,'img9531681372895.jpg'),
(169,'img9541681372895.jpg'),
(169,'img9551681372895.jpg'),
(169,'img9561681372895.jpg'),
(169,'img9571681372895.jpg'),
(169,'img9581681372895.jpg'),
(169,'img9591681372895.jpg'),
(169,'img95101681372895.jpg'),
(169,'img95111681372895.jpg'),
(169,'img95121681372895.jpg'),
(169,'img95131681372895.jpg'),
(169,'img95141681372895.jpg'),
(169,'img95151681372895.jpg'),
(169,'img95161681372895.jpg'),
(169,'img95171681372895.jpg'),
(169,'img95181681372895.jpg'),
(169,'img95191681372895.jpg'),
(169,'img95201681372895.jpg'),
(170,'img9511681374644.jpg'),
(170,'img9521681374644.jpg'),
(170,'img9531681374644.jpg'),
(170,'img9541681374644.jpg'),
(170,'img9551681374644.jpg'),
(170,'img9561681374644.jpg'),
(170,'img9571681374644.jpg'),
(170,'img9581681374644.jpg'),
(170,'img9591681374644.jpg'),
(170,'img95101681374644.jpg'),
(171,'img9511681376675.jpg'),
(171,'img9521681376675.jpg'),
(171,'img9531681376675.jpg'),
(171,'img9541681376675.jpg'),
(171,'img9551681376675.jpg'),
(171,'img9561681376675.jpg'),
(171,'img9571681376675.jpg'),
(171,'img9581681376675.jpg'),
(171,'img9591681376675.jpg'),
(171,'img95101681376675.jpg'),
(171,'img95111681376675.jpg'),
(171,'img95121681376675.jpg'),
(171,'img95131681376675.jpg'),
(171,'img95141681376675.jpg'),
(171,'img95151681376675.jpg'),
(171,'img95161681376675.jpg'),
(171,'img95171681376675.jpg'),
(172,'img9511681377850.jpg'),
(172,'img9521681377850.jpg'),
(172,'img9531681377850.jpg'),
(172,'img9541681377850.jpg'),
(172,'img9551681377850.jpg'),
(172,'img9561681377850.jpg'),
(173,'img9511681379387.jpg'),
(173,'img9521681379387.jpg'),
(173,'img9531681379387.jpg'),
(173,'img9541681379387.jpg'),
(173,'img9551681379387.jpg'),
(173,'img9561681379387.jpg'),
(173,'img9571681379387.jpg'),
(173,'img9581681379387.jpg'),
(173,'img9591681379387.jpg'),
(173,'img95101681379387.jpg'),
(174,'img11701681387351.jpg'),
(174,'img11711681387351.jpg'),
(174,'img11721681387351.jpg'),
(174,'img11731681387351.jpg'),
(174,'img11741681387351.jpg'),
(174,'img11751681387351.jpg'),
(174,'img11761681387351.jpg'),
(174,'img11771681387351.jpg'),
(174,'img11781681387351.jpg'),
(174,'img11791681387351.jpg'),
(174,'img117101681387351.jpg'),
(174,'img117111681387351.jpg'),
(174,'img117121681387351.jpg'),
(174,'img117141681387351.jpg'),
(174,'img117151681387351.jpg'),
(174,'img117161681387352.jpg'),
(175,'img9511681387737.jpg'),
(175,'img9521681387737.jpg'),
(175,'img9531681387737.jpg'),
(175,'img9541681387737.jpg'),
(175,'img9551681387737.jpg'),
(175,'img9561681387737.jpg'),
(175,'img9571681387737.jpg'),
(175,'img9581681387737.jpg'),
(176,'img8111681393967.jpg'),
(176,'img8121681393967.jpg'),
(176,'img8131681393967.jpg'),
(176,'img8141681393967.jpg'),
(176,'img8151681393967.jpg'),
(176,'img8161681393967.jpg'),
(176,'img8171681393967.jpg'),
(176,'img8181681393967.jpg'),
(176,'img8191681393967.jpg'),
(176,'img81101681393968.jpg'),
(176,'img81111681393968.jpg'),
(177,'img8111681394639.jpg'),
(177,'img8121681394639.jpg'),
(177,'img8131681394639.jpg'),
(177,'img8141681394639.jpg'),
(177,'img8151681394639.jpg'),
(177,'img8161681394639.jpg'),
(177,'img8171681394639.jpg'),
(177,'img8181681394639.jpg'),
(178,'img8111681399895.jpg'),
(178,'img8121681399895.jpg'),
(178,'img8131681399895.jpg'),
(178,'img8141681399895.jpg'),
(178,'img8151681399895.jpg'),
(178,'img8161681399895.jpg'),
(178,'img8171681399895.jpg'),
(179,'img9311681483248.jpg'),
(179,'img9321681483248.jpg'),
(179,'img9331681483248.jpg'),
(179,'img9341681483248.jpg'),
(179,'img9351681483248.jpg'),
(179,'img9361681483248.jpg'),
(179,'img9371681483248.jpg'),
(179,'img9381681483248.jpg'),
(179,'img9391681483248.jpg'),
(179,'img93101681483248.jpg'),
(179,'img93111681483248.jpg'),
(180,'img9311681483740.jpg'),
(180,'img9321681483740.jpg'),
(180,'img9331681483740.jpg'),
(180,'img9341681483740.jpg'),
(180,'img9351681483740.jpg'),
(180,'img9361681483740.jpg'),
(180,'img9371681483741.jpg'),
(180,'img9381681483741.jpg'),
(180,'img9391681483741.jpg'),
(180,'img93101681483741.jpg'),
(180,'img93111681483741.jpg'),
(180,'img93121681483741.jpg'),
(182,'img11811681717756.jpg'),
(182,'img11821681717756.jpg'),
(182,'img11831681717756.jpg'),
(182,'img11841681717756.jpg'),
(182,'img11851681717756.jpg'),
(182,'img11861681717756.jpg'),
(182,'img11871681717756.jpg'),
(183,'img11811681718714.jpg'),
(183,'img11821681718714.jpg'),
(183,'img11831681718714.jpg'),
(183,'img11841681718714.jpg'),
(183,'img11851681718714.jpg'),
(183,'img11871681718714.jpg'),
(183,'img11881681718714.jpg'),
(185,'img11811681975059.jpg'),
(185,'img11821681975059.jpg'),
(185,'img11831681975059.jpg'),
(185,'img11841681975059.jpg'),
(185,'img11851681975059.jpg'),
(185,'img11861681975059.jpg'),
(185,'img11871681975059.jpg'),
(185,'img11881681975059.jpg'),
(185,'img11891681975059.jpg'),
(186,'img12111681977514.jpg'),
(186,'img12121681977514.jpg'),
(186,'img12131681977514.jpg'),
(186,'img12141681977514.jpg'),
(186,'img12151681977514.jpg'),
(186,'img12161681977514.jpg'),
(186,'img12171681977514.jpg'),
(187,'img11811681977909.jpg'),
(187,'img11821681977909.jpg'),
(187,'img11831681977909.jpg'),
(187,'img11841681977909.jpg'),
(187,'img11851681977909.jpg'),
(187,'img11861681977909.jpg'),
(187,'img11871681977909.jpg'),
(188,'img11811681978489.jpg'),
(188,'img11821681978489.jpg'),
(188,'img11831681978489.jpg'),
(188,'img11841681978489.jpg'),
(188,'img11851681978489.jpg'),
(188,'img11861681978489.jpg'),
(188,'img11871681978489.jpg'),
(188,'img11881681978489.jpg'),
(188,'img11891681978489.jpg'),
(188,'img118101681978489.jpg'),
(188,'img118111681978489.jpg'),
(188,'img118121681978489.jpg'),
(189,'img12111681979713.jpg'),
(189,'img12121681979713.jpg'),
(189,'img12131681979713.jpg'),
(189,'img12141681979713.jpg'),
(189,'img12151681979713.jpg'),
(190,'img11811681979726.jpg'),
(190,'img11821681979726.jpg'),
(190,'img11831681979726.jpg'),
(190,'img11841681979726.jpg'),
(190,'img11851681979726.jpg'),
(190,'img11861681979726.jpg'),
(190,'img11871681979726.jpg'),
(190,'img11881681979726.jpg'),
(190,'img11891681979726.jpg'),
(190,'img118101681979726.jpg'),
(190,'img118111681979726.jpg'),
(190,'img118121681979726.jpg'),
(190,'img118131681979726.jpg'),
(190,'img118141681979726.jpg'),
(190,'img118151681979726.jpg'),
(190,'img118161681979726.jpg'),
(191,'img11811681980609.jpg'),
(191,'img11821681980609.jpg'),
(191,'img11831681980609.jpg'),
(191,'img11841681980609.jpg'),
(191,'img11851681980609.jpg'),
(191,'img11861681980609.jpg'),
(191,'img11871681980609.jpg'),
(191,'img11881681980609.jpg'),
(191,'img11891681980609.jpg'),
(191,'img118101681980609.jpg'),
(191,'img118111681980609.jpg'),
(192,'img11811681986440.jpg'),
(192,'img11821681986440.jpg'),
(192,'img11831681986440.jpg'),
(192,'img11841681986440.jpg'),
(192,'img11851681986440.jpg'),
(192,'img11861681986440.jpg'),
(192,'img11871681986440.jpg'),
(192,'img11881681986440.jpg'),
(192,'img11891681986440.jpg'),
(192,'img118101681986440.jpg'),
(192,'img118111681986440.jpg'),
(192,'img118121681986440.jpg'),
(192,'img118131681986440.jpg'),
(192,'img118141681986440.jpg'),
(192,'img118151681986440.jpg'),
(192,'img118161681986440.jpg'),
(192,'img118171681986440.jpg'),
(192,'img118181681986440.jpg'),
(193,'img12111681987062.jpg'),
(194,'img11811681987498.jpg'),
(194,'img11821681987498.jpg'),
(194,'img11831681987498.jpg'),
(194,'img11841681987498.jpg'),
(194,'img11851681987498.jpg'),
(194,'img11861681987498.jpg'),
(194,'img11871681987498.jpg'),
(194,'img11881681987498.jpg'),
(194,'img11891681987498.jpg'),
(195,'img11811681989368.jpg'),
(195,'img11821681989368.jpg'),
(195,'img11831681989368.jpg'),
(195,'img11841681989368.jpg'),
(195,'img11851681989368.jpg'),
(195,'img11861681989368.jpg'),
(195,'img11871681989368.jpg'),
(196,'img11811681990411.jpg'),
(196,'img11821681990411.jpg'),
(196,'img11831681990411.jpg'),
(196,'img11841681990411.jpg'),
(196,'img11851681990411.jpg'),
(196,'img11861681990411.jpg'),
(196,'img11871681990411.jpg'),
(196,'img11881681990411.jpg'),
(196,'img11891681990411.jpg'),
(196,'img118101681990411.jpg'),
(196,'img118111681990411.jpg'),
(196,'img118121681990411.jpg'),
(196,'img118131681990411.jpg'),
(196,'img118141681990411.jpg'),
(196,'img118151681990411.jpg'),
(196,'img118161681990411.jpg'),
(196,'img118171681990411.jpg'),
(196,'img118181681990411.jpg'),
(197,'img11811681991820.jpg'),
(197,'img11821681991820.jpg'),
(197,'img11831681991820.jpg'),
(197,'img11841681991820.jpg'),
(197,'img11851681991820.jpg'),
(197,'img11861681991820.jpg'),
(197,'img11871681991820.jpg'),
(197,'img11881681991820.jpg'),
(197,'img11891681991820.jpg'),
(197,'img118101681991820.jpg'),
(198,'img11811681995565.jpg'),
(198,'img11821681995565.jpg'),
(198,'img11831681995565.jpg'),
(198,'img11841681995565.jpg'),
(198,'img11851681995565.jpg'),
(198,'img11861681995565.jpg'),
(198,'img11871681995565.jpg'),
(198,'img11881681995565.jpg'),
(199,'img12111681995764.jpg'),
(199,'img12121681995764.jpg'),
(200,'img11811681996296.jpg'),
(200,'img11821681996296.jpg'),
(200,'img11831681996296.jpg'),
(200,'img11841681996296.jpg'),
(200,'img11851681996296.jpg'),
(201,'img11811681998021.jpg'),
(201,'img11821681998021.jpg'),
(201,'img11831681998021.jpg'),
(201,'img11841681998021.jpg'),
(201,'img11851681998021.jpg'),
(201,'img11861681998021.jpg'),
(202,'img11811681999243.jpg'),
(202,'img11821681999243.jpg'),
(202,'img11831681999243.jpg'),
(202,'img11841681999243.jpg'),
(202,'img11851681999243.jpg'),
(202,'img11861681999243.jpg'),
(203,'img11811682315079.jpg'),
(203,'img11821682315079.jpg'),
(203,'img11831682315079.jpg'),
(203,'img11841682315079.jpg'),
(203,'img11851682315079.jpg'),
(204,'img8111682319239.jpg'),
(204,'img8121682319239.jpg'),
(204,'img8131682319239.jpg'),
(204,'img8141682319239.jpg'),
(204,'img8151682319239.jpg'),
(204,'img8161682319239.jpg'),
(204,'img8171682319239.jpg'),
(204,'img8181682319239.jpg'),
(205,'img8111682320182.jpg'),
(205,'img8121682320182.jpg'),
(205,'img8131682320182.jpg'),
(205,'img8141682320182.jpg'),
(205,'img8151682320182.jpg'),
(205,'img8161682320182.jpg'),
(205,'img8171682320182.jpg'),
(205,'img8181682320182.jpg'),
(205,'img8191682320182.jpg'),
(206,'img8111682321025.jpg'),
(206,'img8121682321025.jpg'),
(206,'img8131682321025.jpg'),
(206,'img8141682321025.jpg'),
(206,'img8151682321025.jpg'),
(206,'img8161682321025.jpg'),
(206,'img8171682321025.jpg'),
(206,'img8181682321025.jpg'),
(206,'img8191682321025.jpg'),
(206,'img81101682321025.jpg'),
(206,'img81111682321025.jpg'),
(206,'img81121682321025.jpg'),
(207,'img8111682325131.jpg'),
(207,'img8121682325131.jpg'),
(207,'img8131682325131.jpg'),
(207,'img8141682325131.jpg'),
(207,'img8151682325131.jpg'),
(207,'img8161682325131.jpg'),
(207,'img8171682325131.jpg'),
(207,'img8181682325131.jpg'),
(207,'img8191682325131.jpg'),
(207,'img81101682325131.jpg'),
(208,'img8111682327365.jpg'),
(208,'img8121682327365.jpg'),
(208,'img8131682327365.jpg'),
(208,'img8141682327365.jpg'),
(209,'img12111682327730.jpg'),
(209,'img12121682327730.jpg'),
(209,'img12131682327730.jpg'),
(209,'img12141682327730.jpg'),
(209,'img12151682327730.jpg'),
(210,'img12111682329136.jpg'),
(210,'img12121682329136.jpg'),
(210,'img12131682329136.jpg'),
(210,'img12141682329136.jpg'),
(210,'img12151682329136.jpg'),
(210,'img12161682329136.jpg'),
(210,'img12171682329136.jpg'),
(211,'img8111682330289.jpg'),
(211,'img8121682330289.jpg'),
(211,'img8131682330289.jpg'),
(211,'img8141682330289.jpg'),
(211,'img8151682330289.jpg'),
(212,'img12111682331354.jpg'),
(212,'img12121682331354.jpg'),
(212,'img12131682331354.jpg'),
(212,'img12141682331354.jpg'),
(212,'img12151682331354.jpg'),
(214,'img13401682504120.jpg'),
(214,'img13411682504120.jpg'),
(215,'img13511682507459.jpg'),
(216,'img12101682508412.jpg'),
(216,'img12111682508412.jpg'),
(216,'img12121682508412.jpg'),
(216,'img12131682508412.jpg'),
(216,'img12141682508412.jpg'),
(216,'img12151682508412.jpg'),
(216,'img12161682508412.jpg'),
(217,'img12101682509337.jpg'),
(217,'img12111682509337.jpg'),
(217,'img12121682509337.jpg'),
(217,'img12131682509337.jpg'),
(218,'img12101682510172.jpg'),
(218,'img12111682510172.jpg'),
(218,'img12121682510172.jpg'),
(218,'img12131682510172.jpg'),
(218,'img12141682510172.jpg'),
(218,'img12151682510172.jpg'),
(219,'img12101682511207.jpg'),
(219,'img12111682511207.jpg'),
(219,'img12121682511207.jpg'),
(219,'img12131682511207.jpg'),
(219,'img12141682511207.jpg'),
(219,'img12151682511207.jpg'),
(221,'img9601682581052.jpg'),
(221,'img9611682581052.jpg'),
(222,'img12101682659141.jpg'),
(222,'img12111682659141.jpg'),
(222,'img12121682659141.jpg'),
(222,'img12131682659141.jpg'),
(222,'img12141682659141.jpg'),
(222,'img12151682659141.jpg'),
(223,'img12101682661403.jpg'),
(223,'img12111682661403.jpg'),
(224,'img12101682662331.jpg'),
(224,'img12111682662331.jpg'),
(224,'img12121682662331.jpg'),
(225,'img12101682663646.jpg'),
(225,'img12111682663646.jpg'),
(226,'img12101682666801.jpg'),
(226,'img12111682666801.jpg'),
(226,'img12121682666801.jpg'),
(226,'img12131682666801.jpg'),
(227,'img14501683008858.jpg'),
(227,'img14511683008858.jpg'),
(227,'img14521683008858.jpg'),
(228,'img14501683009617.jpg'),
(228,'img14511683009617.jpg'),
(228,'img14521683009617.jpg'),
(228,'img14531683009617.jpg'),
(228,'img14541683009617.jpg'),
(228,'img14551683009617.jpg'),
(228,'img14561683009617.jpg'),
(228,'img14571683009617.jpg'),
(228,'img14581683009617.jpg'),
(228,'img14591683009617.jpg'),
(229,'img14601683202151.jpg'),
(229,'img14611683202151.jpg'),
(229,'img14621683202151.jpg'),
(229,'img14631683202151.jpg'),
(229,'img14641683202151.jpg'),
(229,'img14651683202151.jpg'),
(229,'img14661683202151.jpg'),
(229,'img14671683202151.jpg'),
(229,'img14681683202151.jpg'),
(229,'img14691683202151.jpg'),
(229,'img146101683202151.jpg'),
(229,'img146111683202151.jpg'),
(229,'img146121683202151.jpg'),
(230,'img14501683011760.jpg'),
(230,'img14511683011760.jpg'),
(231,'img14501683014215.jpg'),
(231,'img14511683014215.jpg'),
(231,'img14521683014215.jpg'),
(231,'img14531683014215.jpg'),
(232,'img14501683015096.jpg'),
(235,'img14501683028183.jpg'),
(235,'img14511683028183.jpg'),
(235,'img14521683028183.jpg'),
(235,'img14531683028183.jpg'),
(235,'img14541683028183.jpg'),
(235,'img14551683028183.jpg'),
(235,'img14561683028183.jpg'),
(235,'img14571683028183.jpg'),
(235,'img14581683028183.jpg'),
(235,'img14591683028183.jpg'),
(235,'img145101683028183.jpg'),
(239,'img9101683032340.jpg'),
(239,'img9111683032340.jpg'),
(239,'img9121683032340.jpg'),
(239,'img9131683032340.jpg'),
(239,'img9141683032340.jpg'),
(239,'img9151683032340.jpg'),
(239,'img9161683032340.jpg'),
(239,'img9171683032340.jpg'),
(239,'img9181683032340.jpg'),
(239,'img9191683032340.jpg'),
(239,'img9101683119192.jpg'),
(240,'img9101683032803.jpg'),
(240,'img9111683032803.jpg'),
(241,'img9101683033233.jpg'),
(241,'img9111683033233.jpg'),
(241,'img9121683033233.jpg'),
(241,'img9131683033233.jpg'),
(241,'img9141683033233.jpg'),
(241,'img9151683033233.jpg'),
(241,'img9161683033233.jpg'),
(241,'img9171683033233.jpg'),
(241,'img9181683033233.jpg'),
(242,'img9111683033790.jpg'),
(242,'img9121683033790.jpg'),
(242,'img9131683033790.jpg'),
(242,'img9141683033790.jpg'),
(242,'img9151683033790.jpg'),
(242,'img9161683033790.jpg'),
(242,'img9171683033790.jpg'),
(242,'img9181683033790.jpg'),
(242,'img9191683033790.jpg'),
(242,'img91101683033790.jpg'),
(243,'img14611683201622.jpg'),
(243,'img14621683201622.jpg'),
(245,'img14601683203436.jpg'),
(245,'img14611683203436.jpg'),
(245,'img14621683203436.jpg'),
(245,'img14631683203436.jpg'),
(246,'img9101683204864.jpg'),
(246,'img9111683204864.jpg'),
(246,'img9121683204865.jpg'),
(246,'img9131683204865.jpg'),
(246,'img9141683204865.jpg'),
(246,'img9151683204865.jpg'),
(246,'img9161683204865.jpg'),
(246,'img9171683204865.jpg'),
(246,'img9181683204865.jpg'),
(247,'img14601683206469.jpg'),
(248,'img9101683277029.jpg'),
(248,'img9111683277029.jpg'),
(248,'img9121683277029.jpg'),
(248,'img9131683277029.jpg'),
(248,'img9141683277029.jpg'),
(248,'img9151683277029.jpg'),
(250,'img5601683621864.jpg'),
(251,'img5101683784039.jpg'),
(252,'img14601683787113.jpg'),
(252,'img14611683787113.jpg'),
(253,'img14601683787779.jpg'),
(253,'img14611683787779.jpg'),
(253,'img14621683787779.jpg'),
(253,'img14631683787779.jpg'),
(254,'img14601683790401.jpg'),
(254,'img14611683790401.jpg'),
(254,'img14621683790401.jpg'),
(256,'img15301683798841.jpg'),
(256,'img15311683798841.jpg'),
(256,'img15321683798841.jpg'),
(256,'img15331683798841.jpg'),
(256,'img15341683798841.jpg'),
(256,'img15351683798841.jpg'),
(256,'img15361683798841.jpg'),
(256,'img15371683798841.jpg'),
(256,'img15381683798841.jpg'),
(256,'img15391683798841.jpg'),
(257,'img14601683799028.jpg'),
(257,'img14611683799028.jpg'),
(257,'img14621683799028.jpg'),
(257,'img14631683799028.jpg'),
(260,'img14601683810957.jpg'),
(260,'img14611683810957.jpg'),
(260,'img14621683810957.jpg'),
(261,'img14601683811692.jpg'),
(261,'img14611683811692.jpg'),
(261,'img14621683811692.jpg'),
(262,'img9101683813402.jpg'),
(262,'img9111683813402.jpg'),
(262,'img9121683813402.jpg'),
(262,'img9131683813402.jpg'),
(262,'img9141683813402.jpg'),
(263,'img14601683869280.jpg'),
(265,'img14601683871034.jpg'),
(267,'img9101683872605.jpg'),
(267,'img9111683872605.jpg'),
(267,'img9121683872605.jpg'),
(267,'img9131683872605.jpg'),
(267,'img9141683872605.jpg'),
(267,'img9151683872605.jpg'),
(267,'img9161683872605.jpg'),
(267,'img9171683872605.jpg'),
(269,'img14601683874052.jpg'),
(270,'img9101683874811.jpg'),
(270,'img9111683874811.jpg'),
(270,'img9121683874811.jpg'),
(270,'img9131683874811.jpg'),
(270,'img9141683874811.jpg'),
(270,'img9151683874811.jpg'),
(272,'img9101683876828.jpg'),
(272,'img9111683876828.jpg'),
(272,'img9121683876828.jpg'),
(272,'img9131683876828.jpg'),
(272,'img9141683876828.jpg'),
(272,'img9151683876828.jpg'),
(272,'img9161683876828.jpg'),
(272,'img9171683876828.jpg'),
(272,'img9181683876828.jpg'),
(273,'img14601683877011.jpg'),
(273,'img14611683877011.jpg'),
(273,'img14621683877011.jpg'),
(273,'img14631683877011.jpg'),
(273,'img14641683877011.jpg'),
(273,'img14651683877011.jpg'),
(274,'img14601683882086.jpg'),
(274,'img14611683882086.jpg'),
(274,'img14621683882086.jpg'),
(274,'img14631683882086.jpg'),
(274,'img14641683882086.jpg'),
(274,'img14651683882086.jpg'),
(274,'img14661683882086.jpg'),
(274,'img14671683882086.jpg'),
(274,'img14681683882086.jpg'),
(274,'img14691683882086.jpg'),
(274,'img146101683882086.jpg'),
(274,'img146111683882086.jpg'),
(274,'img146121683882086.jpg'),
(274,'img146131683882086.jpg'),
(275,'img14601683883619.jpg'),
(275,'img14611683883619.jpg'),
(275,'img14621683883619.jpg'),
(275,'img14631683883619.jpg'),
(275,'img14641683883619.jpg'),
(275,'img14651683883619.jpg'),
(275,'img14661683883619.jpg'),
(275,'img14671683883619.jpg'),
(275,'img14681683883619.jpg'),
(275,'img14691683883619.jpg'),
(275,'img146101683883619.jpg'),
(276,'img14601683886308.jpg'),
(276,'img14611683886308.jpg'),
(276,'img14621683886308.jpg'),
(276,'img14631683886308.jpg'),
(276,'img14641683886308.jpg'),
(276,'img14651683886308.jpg'),
(276,'img14661683886308.jpg'),
(276,'img14671683886308.jpg'),
(276,'img14681683886308.jpg'),
(276,'img14691683886308.jpg'),
(277,'img14601683887173.jpg'),
(277,'img14611683887173.jpg'),
(277,'img14621683887173.jpg'),
(277,'img14631683887173.jpg'),
(277,'img14641683887173.jpg'),
(277,'img14651683887173.jpg'),
(277,'img14661683887173.jpg'),
(277,'img14671683887173.jpg'),
(277,'img14681683887173.jpg'),
(278,'img14601683891549.jpg'),
(278,'img14611683891549.jpg'),
(278,'img14621683891549.jpg'),
(278,'img14631683891549.jpg'),
(278,'img14641683891549.jpg'),
(278,'img14651683891549.jpg'),
(278,'img14661683891549.jpg'),
(278,'img14671683891549.jpg'),
(278,'img14681683891549.jpg'),
(278,'img14691683891550.jpg'),
(279,'img14601683893380.jpg'),
(279,'img14611683893380.jpg'),
(279,'img14621683893380.jpg'),
(279,'img14631683893380.jpg'),
(279,'img14641683893380.jpg'),
(279,'img14651683893380.jpg'),
(279,'img14661683893380.jpg'),
(279,'img14671683893380.jpg'),
(279,'img14681683893380.jpg'),
(280,'img14611683894130.jpg'),
(280,'img14621683894130.jpg'),
(280,'img14631683894130.jpg'),
(280,'img14641683894130.jpg'),
(280,'img14651683894130.jpg'),
(280,'img14661683894130.jpg'),
(280,'img14671683894130.jpg'),
(281,'img14601683894786.jpg'),
(281,'img14611683894786.jpg'),
(281,'img14621683894786.jpg'),
(281,'img14631683894786.jpg'),
(281,'img14641683894786.jpg'),
(281,'img14651683894786.jpg'),
(281,'img14661683894786.jpg'),
(281,'img14671683894786.jpg'),
(281,'img14681683894786.jpg'),
(281,'img14691683894786.jpg'),
(281,'img146101683894786.jpg'),
(281,'img146111683894786.jpg'),
(282,'img14601683895530.jpg'),
(282,'img14611683895530.jpg'),
(282,'img14621683895530.jpg'),
(282,'img14631683895530.jpg'),
(282,'img14641683895530.jpg'),
(282,'img14651683895530.jpg'),
(282,'img14661683895530.jpg'),
(282,'img14671683895530.jpg'),
(282,'img14681683895530.jpg'),
(282,'img14691683895530.jpg'),
(282,'img146101683895530.jpg'),
(282,'img146111683895530.jpg'),
(283,'img11801684302708.jpg'),
(283,'img11811684302708.jpg'),
(283,'img11821684302708.jpg'),
(283,'img11831684302708.jpg'),
(283,'img11841684302708.jpg'),
(284,'img15301684307416.jpg'),
(284,'img15311684307416.jpg'),
(284,'img15321684307416.jpg'),
(284,'img15331684307416.jpg'),
(284,'img15341684307416.jpg'),
(284,'img15351684307416.jpg'),
(284,'img15361684307416.jpg'),
(284,'img15371684307416.jpg'),
(285,'img15301684307731.jpg'),
(285,'img15311684307731.jpg'),
(285,'img15321684307731.jpg'),
(285,'img15331684307731.jpg'),
(285,'img15341684307731.jpg'),
(285,'img15351684307731.jpg'),
(285,'img15361684307731.jpg'),
(285,'img15371684307731.jpg'),
(285,'img15381684307731.jpg'),
(285,'img15391684307731.jpg'),
(285,'img153101684307731.jpg'),
(287,'img9101684326547.jpg'),
(287,'img9111684326547.jpg'),
(287,'img9121684326547.jpg'),
(287,'img9131684326547.jpg'),
(287,'img9141684326547.jpg'),
(287,'img9151684326547.jpg'),
(288,'img9101684327572.jpg'),
(288,'img9111684327572.jpg'),
(288,'img9121684327572.jpg'),
(288,'img9131684327572.jpg'),
(288,'img9141684327572.jpg'),
(288,'img9151684327572.jpg'),
(288,'img9161684327573.jpg'),
(288,'img9171684327573.jpg'),
(289,'img14611684328761.jpg'),
(289,'img14621684328761.jpg'),
(290,'img9101684388290.jpg'),
(290,'img9111684388291.jpg'),
(290,'img9121684388291.jpg'),
(290,'img9131684388291.jpg'),
(290,'img9141684388291.jpg'),
(290,'img9151684388291.jpg'),
(291,'img9101684389789.jpg'),
(291,'img9111684389789.jpg'),
(291,'img9121684389789.jpg'),
(291,'img9131684389789.jpg'),
(292,'img9111684390184.jpg'),
(293,'img9101684392156.jpg'),
(293,'img9111684392156.jpg'),
(293,'img9121684392156.jpg'),
(293,'img9131684392156.jpg'),
(294,'img14601685359229.jpg'),
(294,'img14611685359229.jpg'),
(294,'img14621685359229.jpg'),
(294,'img14631685359229.jpg'),
(294,'img14641685359229.jpg'),
(294,'img14651685359229.jpg'),
(294,'img14661685359229.jpg'),
(294,'img14671685359229.jpg'),
(296,'img14601685360365.jpg'),
(296,'img14611685360365.jpg'),
(296,'img14621685360365.jpg'),
(297,'img14601685361001.jpg'),
(297,'img14611685361001.jpg'),
(297,'img14621685361001.jpg'),
(297,'img14631685361001.jpg'),
(298,'img9101685361766.jpg'),
(298,'img9111685361766.jpg'),
(298,'img9121685361766.jpg'),
(298,'img9131685361766.jpg'),
(298,'img9141685361766.jpg'),
(298,'img9151685361766.jpg'),
(298,'img9161685361766.jpg'),
(298,'img9171685361766.jpg'),
(299,'img9101685362468.jpg'),
(299,'img9111685362468.jpg'),
(299,'img9121685362468.jpg'),
(299,'img9131685362468.jpg'),
(302,'img9101685364699.jpg'),
(302,'img9111685364699.jpg'),
(303,'img9101685365475.jpg'),
(303,'img9111685365475.jpg'),
(303,'img9121685365475.jpg'),
(303,'img9131685365475.jpg'),
(303,'img9141685365475.jpg'),
(304,'img9101685367299.jpg'),
(304,'img9111685367299.jpg'),
(304,'img9121685367300.jpg'),
(304,'img9131685367300.jpg'),
(305,'img9101685368708.jpg'),
(305,'img9111685368708.jpg'),
(305,'img9121685368708.jpg'),
(305,'img9131685368708.jpg'),
(305,'img9141685368708.jpg'),
(305,'img9151685368708.jpg'),
(305,'img9161685368708.jpg'),
(305,'img9171685368708.jpg'),
(306,'img9101685421403.jpg'),
(306,'img9111685421403.jpg'),
(306,'img9121685421403.jpg'),
(306,'img9131685421403.jpg'),
(306,'img9141685421403.jpg'),
(307,'img9101685425623.jpg'),
(307,'img9111685425623.jpg'),
(307,'img9121685425623.jpg'),
(307,'img9131685425623.jpg'),
(307,'img9141685425623.jpg'),
(307,'img9151685425623.jpg'),
(309,'img17701685442751.jpg'),
(309,'img17711685442751.jpg'),
(309,'img17721685442751.jpg'),
(309,'img17731685442751.jpg'),
(309,'img17741685442751.jpg'),
(309,'img17751685442751.jpg'),
(309,'img17761685442751.jpg'),
(309,'img17771685442751.jpg'),
(309,'img17781685442751.jpg'),
(309,'img17791685442751.jpg'),
(310,'img17501685442895.jpg'),
(310,'img17511685442895.jpg'),
(310,'img17521685442895.jpg'),
(312,'img18301685448189.jpg'),
(313,'img8101685511964.jpg'),
(313,'img8111685511964.jpg'),
(313,'img8121685511964.jpg'),
(313,'img8131685511964.jpg'),
(313,'img8141685511964.jpg'),
(313,'img8151685511964.jpg'),
(313,'img8161685511964.jpg'),
(313,'img8171685511964.jpg'),
(313,'img8181685511964.jpg'),
(314,'img8101685513127.jpg'),
(314,'img8111685513127.jpg'),
(314,'img8121685513127.jpg'),
(314,'img8131685513127.jpg'),
(314,'img8141685513127.jpg'),
(314,'img8151685513127.jpg'),
(315,'img8101685514254.jpg'),
(315,'img8111685514254.jpg'),
(315,'img8121685514254.jpg'),
(315,'img8131685514254.jpg'),
(315,'img8141685514254.jpg'),
(315,'img8151685514254.jpg'),
(315,'img8161685514254.jpg'),
(315,'img8171685514254.jpg'),
(316,'img8101685514745.jpg'),
(316,'img8111685514745.jpg'),
(316,'img8121685514745.jpg'),
(316,'img8131685514745.jpg'),
(316,'img8141685514745.jpg'),
(316,'img8151685514746.jpg'),
(317,'img8101685515134.jpg'),
(317,'img8111685515134.jpg'),
(317,'img8121685515134.jpg'),
(317,'img8131685515134.jpg'),
(317,'img8141685515134.jpg'),
(317,'img8151685515134.jpg'),
(317,'img8161685515134.jpg'),
(318,'img18501685528077.jpg'),
(319,'img18401685528863.jpg'),
(319,'img18401685531619.jpg'),
(319,'img18411685531619.jpg'),
(319,'img18421685531619.jpg'),
(319,'img18431685531619.jpg'),
(319,'img18441685531619.jpg'),
(319,'img18451685531620.jpg'),
(320,'img18601685528948.jpg'),
(320,'img18611685528948.jpg'),
(320,'img18621685528948.jpg'),
(320,'img18631685528948.jpg'),
(320,'img18641685528948.jpg'),
(320,'img18651685528948.jpg'),
(320,'img18661685528948.jpg'),
(320,'img18671685528948.jpg'),
(320,'img18681685528948.jpg'),
(320,'img18691685528948.jpg'),
(320,'img186101685528948.jpg'),
(320,'img186111685528948.jpg'),
(322,'img8101685541420.jpg'),
(322,'img8111685541420.jpg'),
(322,'img8121685541420.jpg'),
(322,'img8131685541420.jpg'),
(322,'img8141685541420.jpg'),
(322,'img8151685541420.jpg'),
(322,'img8161685541420.jpg'),
(323,'img8101685541964.jpg'),
(323,'img8111685541964.jpg'),
(323,'img8121685541964.jpg'),
(323,'img8131685541964.jpg'),
(323,'img8141685541964.jpg'),
(323,'img8151685541964.jpg'),
(324,'img8101685685418.jpg'),
(324,'img8111685685418.jpg'),
(324,'img8121685685418.jpg'),
(324,'img8131685685418.jpg'),
(325,'img8101685686139.jpg'),
(325,'img8111685686139.jpg'),
(325,'img8121685686139.jpg'),
(325,'img8131685686139.jpg'),
(325,'img8141685686139.jpg'),
(325,'img8151685686139.jpg'),
(325,'img8161685686139.jpg'),
(325,'img8171685686139.jpg'),
(325,'img8181685686139.jpg'),
(326,'img9101685687296.jpg'),
(326,'img9111685687296.jpg'),
(326,'img9121685687296.jpg'),
(326,'img9131685687296.jpg'),
(326,'img9141685687296.jpg'),
(326,'img9151685687296.jpg'),
(326,'img9161685687296.jpg'),
(326,'img9171685687296.jpg'),
(326,'img9181685687296.jpg'),
(327,'img9101685688983.jpg'),
(327,'img9111685688983.jpg'),
(327,'img9121685688983.jpg'),
(327,'img9131685688983.jpg'),
(327,'img9141685688983.jpg'),
(327,'img9151685688983.jpg'),
(327,'img9161685688983.jpg'),
(327,'img9171685688983.jpg'),
(328,'img18901685699826.jpg'),
(328,'img18911685699826.jpg'),
(328,'img18921685699826.jpg'),
(328,'img18931685699826.jpg'),
(328,'img18941685699826.jpg'),
(328,'img18951685699826.jpg'),
(328,'img18961685699826.jpg'),
(328,'img18971685699826.jpg'),
(328,'img18981685699826.jpg'),
(328,'img18991685699826.jpg'),
(329,'img9101685709453.jpg'),
(329,'img9111685709453.jpg'),
(329,'img9121685709453.jpg'),
(329,'img9131685709453.jpg'),
(329,'img9141685709453.jpg'),
(329,'img9151685709453.jpg'),
(329,'img9161685709453.jpg'),
(329,'img9171685709453.jpg'),
(329,'img9181685709453.jpg'),
(329,'img9191685709453.jpg'),
(329,'img91101685709453.jpg'),
(329,'img91111685709453.jpg'),
(331,'img18801686032800.jpg'),
(331,'img18811686032800.jpg'),
(331,'img18821686032800.jpg'),
(331,'img18831686032800.jpg'),
(331,'img18841686032800.jpg'),
(331,'img18851686032800.jpg'),
(331,'img18861686032800.jpg'),
(331,'img18871686032800.jpg'),
(331,'img18881686032800.jpg'),
(331,'img18891686032800.jpg'),
(331,'img188101686032800.jpg'),
(331,'img188111686032800.jpg'),
(332,'img18801686033685.jpg'),
(332,'img18811686033685.jpg'),
(332,'img18821686033685.jpg'),
(332,'img18831686033685.jpg'),
(332,'img18841686033685.jpg'),
(332,'img18851686033685.jpg'),
(332,'img18861686033685.jpg'),
(332,'img18871686033685.jpg'),
(332,'img18881686033685.jpg'),
(333,'img18801686034364.jpg'),
(333,'img18811686034364.jpg'),
(333,'img18821686034364.jpg'),
(333,'img18831686034364.jpg'),
(333,'img18841686034364.jpg'),
(333,'img18851686034364.jpg'),
(333,'img18861686034364.jpg'),
(333,'img18871686034364.jpg'),
(335,'img18811686035753.jpg'),
(335,'img18821686035753.jpg'),
(335,'img18831686035753.jpg'),
(335,'img18841686035753.jpg'),
(335,'img18851686035753.jpg'),
(335,'img18861686035753.jpg'),
(335,'img18871686035753.jpg'),
(335,'img18881686035753.jpg'),
(336,'img18801686038098.jpg'),
(336,'img18811686038098.jpg'),
(336,'img18821686038098.jpg'),
(336,'img18831686038098.jpg'),
(336,'img18841686038098.jpg'),
(336,'img18851686038098.jpg'),
(337,'img18801686040215.jpg'),
(337,'img18811686040215.jpg'),
(337,'img18821686040215.jpg'),
(337,'img18831686040215.jpg'),
(337,'img18841686040215.jpg'),
(337,'img18851686040215.jpg'),
(338,'img18801686040928.jpg'),
(338,'img18811686040928.jpg'),
(338,'img18821686040928.jpg'),
(338,'img18831686040928.jpg'),
(338,'img18841686040928.jpg'),
(338,'img18851686040928.jpg'),
(338,'img18861686040928.jpg'),
(338,'img18871686040928.jpg'),
(338,'img18881686040928.jpg'),
(338,'img18891686040928.jpg'),
(338,'img188101686040928.jpg'),
(338,'img188111686040928.jpg'),
(339,'img18801686042149.jpg'),
(339,'img18811686042149.jpg'),
(339,'img18821686042149.jpg'),
(339,'img18831686042149.jpg'),
(339,'img18841686042149.jpg'),
(339,'img18851686042149.jpg'),
(339,'img18861686042149.jpg'),
(340,'img14601686301879.jpg'),
(340,'img14611686301879.jpg'),
(340,'img14621686301879.jpg'),
(340,'img14631686301879.jpg'),
(340,'img14641686301879.jpg'),
(340,'img14651686301879.jpg'),
(340,'img14661686301879.jpg'),
(341,'img14601686303078.jpg'),
(341,'img14611686303078.jpg'),
(341,'img14621686303078.jpg'),
(341,'img14631686303078.jpg'),
(341,'img14641686303078.jpg'),
(341,'img14651686303078.jpg'),
(341,'img14661686303078.jpg'),
(341,'img14671686303078.jpg'),
(342,'img14601686549975.jpg'),
(342,'img14611686549975.jpg'),
(342,'img14621686549975.jpg'),
(344,'img9101686553463.jpg'),
(344,'img9111686553463.jpg'),
(344,'img9121686553463.jpg'),
(344,'img9131686553463.jpg'),
(344,'img9141686553463.jpg'),
(345,'img9101686576247.jpg'),
(345,'img9111686576247.jpg'),
(347,'img19801687722828.jpg'),
(347,'img19811687722828.jpg'),
(347,'img19821687722828.jpg'),
(347,'img19801687723111.jpg'),
(348,'img18001687769951.jpg'),
(348,'img18011687769951.jpg'),
(348,'img18021687769951.jpg'),
(348,'img18031687769951.jpg'),
(348,'img18041687769951.jpg'),
(348,'img18051687769951.jpg'),
(348,'img18061687769951.jpg'),
(348,'img18071687769951.jpg'),
(349,'img18001687770674.jpg'),
(349,'img18011687770674.jpg'),
(349,'img18021687770674.jpg'),
(349,'img18031687770674.jpg'),
(349,'img18041687770674.jpg'),
(349,'img18051687770674.jpg'),
(350,'img19901687795041.jpg'),
(350,'img19911687795041.jpg'),
(350,'img19921687795041.jpg'),
(350,'img19931687795041.jpg'),
(350,'img19941687795041.jpg'),
(351,'img19901687797799.jpg'),
(351,'img19911687797799.jpg'),
(351,'img19921687797799.jpg'),
(351,'img19931687797799.jpg'),
(351,'img19941687797800.jpg'),
(351,'img19951687797800.jpg'),
(351,'img19961687797800.jpg'),
(351,'img19971687797800.jpg'),
(351,'img19981687797800.jpg'),
(351,'img19991687797800.jpg'),
(351,'img199101687797800.jpg'),
(351,'img199111687797800.jpg'),
(351,'img199121687797800.jpg'),
(351,'img199131687797800.jpg');

